id,domain,status,purchase_price,renewal_price,attractiveness,demand,length,registrar,created_at,expires_at,status_verified_at
10f2a2da-5cba-443e-8441-ff35fb9aa9b4,needed.voting,available,1398,1448,high,low,6,namecheap,,,03/09/2026 14:49
3915dec0-0228-4e07-80fe-2ce6f1df4a15,indanger.voting,available,1448,,medium,low,9,namecheap,,,
a5795a82-d939-42fa-80df-331104f2507a,guineas.voting,available,978.6,978.6,medium,low,7,dynadot,,,01/10/2026 17:45
5ec27a1a-8dbb-4f7e-ac1b-19777ed64c82,mucose.voting,available,1398,1448,medium,low,6,namecheap,,,03/09/2026 10:16
e1d976a8-b5a0-4e1e-bcd5-7f8c52ee9d61,pray.voting,available,1398,1448,high,low,4,namecheap,,,30/09/2026 15:41
d1b6a83f-4315-4458-8d22-9bdb07a331c8,newfangled.voting,available,1398,1448,medium,low,10,namecheap,,,03/09/2026 16:46
6a74a04b-d068-484b-95a8-9f13472229f0,paperback.voting,available,1398,1448,high,low,9,namecheap,,,27/09/2026 02:40
af083572-430d-4459-b24f-14bf01ff969d,plc.voting,available,1398,1448,high,low,3,namecheap,,,25/09/2026 12:32
682277f6-bccc-46fe-96c0-74783f99f7cb,countrywide.voting,available,1398,1448,high,medium,11,namecheap,,,02/10/2026 21:07
9e41a6e5-ac6f-4667-af4b-e0692de87b20,orphanage.voting,available,978.6,978.6,medium,low,9,dynadot,,,28/09/2026 10:38
d11989d9-8601-4c8c-97df-9b5f85cffd93,identifiable.voting,available,1398,1448,high,low,12,namecheap,,,01/10/2026 22:54
970eace9-3448-448d-9f7c-f3dfa7c7a814,backstitch.voting,available,1398,1448,medium,low,10,namecheap,,,21/09/2026 16:04
e0a8feba-5fec-46d5-afc5-b80ea75ca40f,vandyke.voting,available,1398,1448,medium,low,7,namecheap,,,19/09/2026 13:44
ed06e75f-decc-4307-9f5e-d8cfa7be836a,daft.voting,available,1398,1448,high,low,4,namecheap,,,06/08/2026 20:50
1d5c3c66-646f-42ea-a71e-a684e645499a,urinate.voting,available,1398,1448,medium,low,7,namecheap,,,13/09/2026 09:41
934b604a-eaed-4c9d-a5a8-70358261b107,heatless.voting,available,1398,1448,medium,low,8,namecheap,,,21/08/2026 02:27
50f48e70-20e2-4649-a3c4-61f7a64da5c2,wiesbaden.voting,available,978.6,978.6,medium,low,9,dynadot,,,29/09/2026 14:08
cd41eddb-a4bc-4834-9030-1ec2e18c2257,exultant.voting,available,1398,1448,high,low,8,namecheap,,,17/08/2026 19:42
72592d8e-d078-4884-8e95-234424995b39,mimic.voting,available,1398,1448,high,low,5,namecheap,,,24/08/2026 23:29
900c9867-d41b-4eb3-b799-326d9cf52594,alabaman.voting,available,1398,1448,medium,low,8,namecheap,,,18/09/2026 01:35
dc349bcf-e970-4ff0-b098-cc68925c4ae6,initiated.voting,available,978.6,978.6,medium,low,9,dynadot,,,29/09/2026 11:07
331d9b36-ecd6-478d-9c86-14cc4114e98f,mms.voting,available,1398,1448,high,low,3,namecheap,,,30/09/2026 21:06
99bde9c5-3a0c-44ce-a536-e7ca62c610f7,sublimed.voting,available,1398,1448,medium,low,8,namecheap,,,11/09/2026 00:03
a4ea2c2a-f0b2-4e8b-b67c-f479dee37378,alnus.voting,available,1599.99,1599.99,medium,low,5,name.com,,,18/09/2026 12:53
af9f5424-21fa-4ce0-b976-90a143c9d584,singletree.voting,available,1448,,medium,low,11,namecheap,,,
ed2026ef-82ee-4dc0-9006-bf6968894f57,clunk.voting,available,1398,1448,medium,low,5,namecheap,,,11/09/2026 15:10
f2135a5f-ee5b-4799-bf17-952e1a4d0e18,regenerate.voting,available,1398,1448,high,medium,10,namecheap,,,09/09/2026 12:49
fe4f2f1d-eb96-4ece-ba13-cc180019257f,equanimous.voting,available,1398,1448,medium,low,10,namecheap,,,17/08/2026 11:37
745e2f00-909e-4e22-b55e-98b276b237fa,intertwined.voting,available,978.6,978.6,high,low,11,dynadot,,,02/10/2026 17:58
41f0aebc-9b27-4fc1-9542-73f121a16f13,anionic.voting,available,1398,1448,medium,low,7,namecheap,,,
a4f0d800-c2f9-4788-a7bc-fa9eca80e8f3,abel.voting,available,1398,1448,high,low,4,namecheap,,,16/09/2026 14:57
0eeed0d5-ec8c-4f2b-bfd6-4e97e4f6bc73,irritating.voting,available,1398,1448,medium,low,10,namecheap,,,
7a325a99-502b-44e0-8ecd-c8f4371de1f8,organ.voting,available,1398,1448,high,low,5,namecheap,,,29/09/2026 17:54
d69ecdcd-1622-4302-9eac-e98ce43fcb7d,pinstriped.voting,available,1398,1448,high,medium,10,namecheap,,,08/09/2026 19:51
edca3b09-d299-44e1-a177-4cd4e0077bac,increasingly.voting,available,1398,1448,medium,low,12,namecheap,,,29/09/2026 04:46
08354314-5d2a-4037-ae62-3d821a7ba285,adel.voting,available,1398,1448,high,low,4,namecheap,,,01/10/2026 22:36
fd202309-2890-4524-8c0b-33702e6d5fe4,carol.voting,available,1398,1448,high,low,5,namecheap,,,24/09/2026 13:02
433e292d-40dc-4b41-985a-d1b9c2d7362b,palawan.voting,available,978.6,978.6,high,low,7,dynadot,,,03/10/2026 03:16
1a3a7d4a-2bce-4375-a4f8-4a4faf4553e2,chivalric.voting,available,1398,1448,medium,low,9,namecheap,,,12/08/2026 06:09
69e9068c-e98f-402c-88a4-f0415cabd103,divisive.voting,available,1398,1448,medium,low,8,namecheap,,,14/08/2026 12:32
6213670d-a5c0-4773-885e-78e42591d076,wiggler.voting,available,1398,1448,medium,low,7,namecheap,,,19/09/2026 06:38
f6d525df-4c45-41ee-ab68-daaf66690eb5,clockwork.voting,available,1398,1448,high,low,9,namecheap,,,02/10/2026 04:23
0fa81163-1ae9-4a40-bb34-7f05daba3f11,slight.voting,available,978.6,978.6,high,low,6,dynadot,,,27/09/2026 22:32
c310af0f-38d3-40b5-a2d6-abac939999ec,imd.voting,available,1398,1448,high,low,3,namecheap,,,01/10/2026 23:35
6561caca-6116-4e26-b790-98a0f2c95cad,prairie.voting,available,978.6,978.6,high,low,7,dynadot,,,30/09/2026 07:12
10d4f092-6414-4050-8538-135244d53b88,hearable.voting,available,1398,1448,medium,low,8,namecheap,,,07/08/2026 16:35
9c05e106-b1b3-4ae0-b821-2aa4802b8a39,objector.voting,available,1398,1448,medium,low,8,namecheap,,,14/08/2026 12:43
be32b247-6c21-4e0a-9231-34e964f754a3,stellar.voting,available,1398,1448,high,medium,7,namecheap,,,22/09/2026 10:32
8a32469b-8eb6-4863-a960-7d2b7db18cbd,runners.voting,available,1398,1448,high,low,7,namecheap,,,18/09/2026 06:01
a393eab8-899d-4f74-969f-35b25d01dfdb,orkney.voting,available,1398,1448,medium,low,6,namecheap,,,29/09/2026 15:23
cdf9322b-0d8e-4184-8a89-67ae2ea167c2,diversify.voting,available,978.6,978.6,high,low,9,dynadot,,,30/09/2026 16:21
6ccdacaa-499e-46f2-a760-f66eb15b3693,ordinary.voting,available,1398,1448,high,low,8,namecheap,,,26/09/2026 00:20
1eae3249-21a0-4e3f-97c2-c195cc149210,granny.voting,available,978.6,978.6,high,low,6,dynadot,,,29/09/2026 21:16
f1cdc883-23c8-4986-a9f0-28eb217a9337,illusive.voting,available,1398,1448,medium,low,8,namecheap,,,21/08/2026 20:13
75f197d7-4ac1-40d3-a7f1-91455ef49c7e,petitions.voting,available,978.6,978.6,high,low,9,dynadot,,,02/10/2026 13:44
37e8004d-8585-4ccd-bbab-536906e92a05,sca.voting,available,978.6,978.6,high,low,3,dynadot,,,30/09/2026 20:27
926c8ef9-46e4-4fc0-9f86-e3356d6898e0,oakdale.voting,available,1398,1448,medium,low,7,namecheap,,,02/10/2026 10:50
1a84ecc6-fbc0-437c-bc16-f16768889d08,haversack.voting,available,1398,1448,high,low,9,namecheap,,,21/09/2026 14:43
e0bb283d-71fc-4973-afb5-f4e6267190ce,rubbishy.voting,available,1398,1448,high,medium,8,namecheap,,,09/09/2026 19:16
ff164eaa-83b5-4d13-9022-84b5b1eb96a1,chiliad.voting,available,1398,1448,high,low,7,namecheap,,,
9859330d-12a8-41e0-845c-21506b82d9d8,cosmos.voting,available,1398,1448,high,medium,6,namecheap,,,28/09/2026 10:55
d8f01f51-87df-4ef8-b301-b091e8b5f7ab,bother.voting,available,1398,1448,medium,low,6,namecheap,,,24/09/2026 07:29
8cf767cc-e0f8-46b3-8aa6-615c2ed54722,vilas.voting,available,1398,1448,medium,low,5,namecheap,,,02/10/2026 20:29
f76a3ca8-6f2c-4ea6-a665-273895e9f02b,smog.voting,available,978.6,978.6,high,low,4,dynadot,,,02/10/2026 06:26
0b847a08-fd81-4f92-a857-e1b824948e09,herakles.voting,available,1398,1448,high,low,8,namecheap,,,18/09/2026 04:05
fb253900-ffaa-4481-90b0-c9d64c4a8ebb,gomez.voting,available,1398,1448,high,low,5,namecheap,,,25/09/2026 16:06
682e40c1-1b2f-40e6-80b2-84653c6a82ea,suspense.voting,available,1398,1448,high,low,8,namecheap,,,30/09/2026 12:39
992e22c9-3faa-4dba-b4bd-0a85417eee8b,entirety.voting,available,1398,1448,high,low,8,namecheap,,,29/09/2026 18:15
2b9aed15-8195-4a03-92b4-64208b7ffb2c,bathymetry.voting,available,1398,1448,medium,low,10,namecheap,,,22/09/2026 13:55
4d546924-707f-4b0f-8d50-ed2cd499a020,aventurine.voting,available,1398,1448,medium,low,10,namecheap,,,21/09/2026 09:07
0d8cbe76-1416-4fc8-bdf9-18b355fa675e,corridors.voting,available,978.6,978.6,medium,low,9,dynadot,,,30/09/2026 15:34
b677ab90-8914-443a-b45c-f66fe814d375,israelite.voting,available,978.6,978.6,medium,low,9,dynadot,,,29/09/2026 01:21
57c5f558-3196-4aed-b8d7-8456c6068b9a,bronzed.voting,available,1398,1448,high,low,7,namecheap,,,11/08/2026 05:43
90df13dd-437f-4772-8dd8-382bf3a12bb2,biggin.voting,available,1398,1448,medium,low,6,namecheap,,,23/09/2026 15:08
5eeaafbf-8885-4a1b-a54f-658054cd1059,breaches.voting,available,978.6,978.6,medium,low,8,dynadot,,,02/10/2026 14:22
0af4bb5f-5391-4635-92c9-408958ea065e,antifreeze.voting,available,1398,1448,medium,low,10,namecheap,,,19/09/2026 14:23
2fb6cc3d-b76e-42dd-b24f-65d994bad9c0,sealing.voting,available,1398,1448,high,low,7,namecheap,,,30/09/2026 18:36
db33d165-fa7d-4379-8e89-87815114a294,billy.voting,available,1398,1448,high,low,5,namecheap,,,23/09/2026 16:44
cd26cf68-c1ac-4351-80e6-b73a759d6ada,cochlear.voting,available,1398,1448,medium,low,8,namecheap,,,12/08/2026 14:45
1f1c248f-c0ea-4ac3-9049-ec0dc066d5e6,infinite.voting,available,1398,1448,high,medium,8,namecheap,,,13/08/2026 03:37
301d8fb2-9452-4f13-a2ee-27040debd1e1,takeout.voting,available,1398,1448,high,low,8,namecheap,,,19/09/2026 06:56
c6794853-5c2c-4df8-8e17-94f9dbb93aa9,nets.voting,available,1398,1448,high,high,4,namecheap,,,18/09/2026 06:28
b23b0983-4864-49b2-9761-617555358b04,human.voting,available,1398,1448,high,medium,5,namecheap,,,25/09/2026 06:15
b4e5b617-14b5-4419-a29d-72a658915a5c,shambolic.voting,available,1398,1448,medium,low,9,namecheap,,,10/09/2026 05:51
0b1037e9-6522-4bee-b704-2b97f3ecdfec,brigadier.voting,available,978.6,978.6,high,low,9,dynadot,,,02/10/2026 23:42
fe11e8ef-adcb-4ca7-864c-ee72aafd036a,harmless.voting,available,1398,1448,high,low,8,namecheap,,,21/08/2026 01:02
0d1a313d-da32-44d4-b828-8d5220e4e248,cite.voting,available,978.6,978.6,high,low,4,dynadot,,,01/10/2026 18:58
c7486ec3-ec6c-40dd-a419-b6c02f1ad856,ponderous.voting,available,1398,1448,medium,low,9,namecheap,,,24/08/2026 11:10
23f2ec15-2f6c-4a51-b5c1-39d264d091e8,forearm.voting,available,1398,1448,high,low,7,namecheap,,,30/09/2026 01:41
c8c98c38-35f0-44b8-82c6-6ac221298486,fortunes.voting,available,978.6,978.6,medium,low,8,dynadot,,,29/09/2026 05:22
c105b378-52de-4f46-b018-b0ac5cd113ae,plume.voting,available,978.6,978.6,high,low,5,dynadot,,,03/10/2026 00:43
ac085c2f-50ac-40ad-87f5-60d558d9ec00,unruly.voting,available,1398,1448,high,low,6,namecheap,,,10/08/2026 17:42
659f4b59-e3f0-47b6-99a7-4366067e53b7,scaley.voting,available,1398,1448,medium,low,6,namecheap,,,09/09/2026 22:18
59f20ff8-d4b2-443c-8112-f19cc778dac3,thinking.voting,available,978.6,978.6,high,low,8,dynadot,,,28/09/2026 02:31
b6246218-b0cd-4369-8efb-8f459f7719ba,kari.voting,available,978.6,978.6,medium,low,4,dynadot,,,30/09/2026 13:17
4d794b05-2565-4f9c-9635-7e7321143fc6,lads.voting,available,978.6,978.6,medium,low,4,dynadot,,,29/09/2026 11:04
61f6365d-5f86-478d-a5b9-0c077ac7e4db,generators.voting,available,1398,1448,medium,low,10,namecheap,,,02/10/2026 15:40
2dbe308e-06e7-496d-aa3c-034cb5d6898d,ulcer.voting,available,1398,1448,medium,low,5,namecheap,,,30/09/2026 11:13
b38e3fad-80cc-4265-9ada-48e1b170c747,analyze.voting,available,978.6,978.6,high,low,7,dynadot,,,30/09/2026 12:13
d66eded0-c739-401c-accf-47838d00f7a8,renton.voting,available,1398,1448,high,low,6,namecheap,,,01/10/2026 11:20
c3af3f4a-490f-4343-a169-badb38746445,applause.voting,available,1599.99,1599.99,high,low,8,name.com,,,19/09/2026 20:55
38b820db-0996-4f6d-a2d4-250a13301f96,somber.voting,available,1398,1448,medium,low,6,namecheap,,,10/09/2026 14:00
152d3715-d834-413d-9719-a5ab94159765,photogenic.voting,available,1398,1448,high,medium,10,namecheap,,,08/09/2026 19:18
86718096-ec37-4d8b-bd1f-66311365a694,winthrop.voting,available,1398,1448,high,low,8,namecheap,,,27/09/2026 19:50
8fbc98c0-cfb5-4a15-8468-bcc4b0a8f118,gutless.voting,available,1398,1448,medium,low,7,namecheap,,,20/08/2026 21:12
4c780235-7b26-4d03-9789-c5c55e422bea,miffed.voting,available,1398,1448,medium,low,6,namecheap,,,
3caa0306-c062-4bb4-9d94-1ea743fe0776,forts.voting,available,1398,1448,medium,low,5,namecheap,,,02/10/2026 12:53
f5e366d0-57fd-40b8-ae08-eda7cc270260,beret.voting,available,1398,1448,high,low,5,namecheap,,,23/09/2026 09:15
96ce9e20-d6b3-4efb-ab84-e62d1f419ea6,admire.voting,available,1398,1448,high,low,6,namecheap,,,28/09/2026 03:18
2755406d-bd33-4318-a6e9-f82b2b865be5,kyle.voting,available,1398,1448,high,low,4,namecheap,,,25/09/2026 12:33
40e13b4c-baad-4b90-b7c9-dfea26c1ee65,opponent.voting,available,1398,1448,high,low,8,namecheap,,,04/09/2026 16:36
184d02f5-ce4b-4981-a42a-bbcc491795ad,molten.voting,available,1398,1448,high,low,6,namecheap,,,25/08/2026 03:57
afc52633-1e20-4454-9ccc-6000419592a1,poetry.voting,available,1398,1448,high,low,6,namecheap,,,25/09/2026 10:00
c773a6bf-9107-49b2-9c16-7ebc9451841c,pity.voting,available,1398,1448,high,low,4,namecheap,,,23/09/2026 16:56
ac934b1e-9485-4874-9184-865fd21a1372,almaty.voting,available,1398,1448,medium,low,6,namecheap,,,18/09/2026 12:22
2841196f-96ab-43f6-80be-541b99d78cc1,allegro.voting,available,1398,1448,high,low,7,namecheap,,,22/09/2026 01:21
da603876-2f17-432c-943e-18a47625f6ee,dormitory.voting,available,978.6,978.6,high,low,9,dynadot,,,29/09/2026 12:05
baafc80d-fd9d-47a6-8ae1-180858169831,terracotta.voting,available,1398,1448,high,low,11,namecheap,,,17/09/2026 09:12
fa8c6f68-fab7-4ab7-9995-d0107e8c49be,joshua.voting,available,1398,1448,high,low,6,namecheap,,,24/09/2026 06:58
0c09e046-7746-4e0f-bff7-be034aa55bba,whirl.voting,available,978.6,978.6,high,low,5,dynadot,,,02/10/2026 14:44
6c5649be-60b1-4bde-98ee-aa0ee12fb6a7,fidgety.voting,available,1398,1448,medium,low,7,namecheap,,,05/08/2026 20:32
d89fbf8a-6487-46f3-9dfa-9abb26db3ecb,eulogy.voting,available,1398,1448,high,low,6,namecheap,,,05/09/2026 00:43
e88ea417-836d-450d-82f8-0494646e8c7e,substantial.voting,available,1398,1448,high,low,11,namecheap,,,01/10/2026 05:35
e80fcb97-0d3b-4f41-9f0f-07c44fb9a19d,wildly.voting,available,1398,1448,medium,low,6,namecheap,,,16/09/2026 11:29
2cb72827-0f51-41cd-a096-5d0415188c7d,papaw.voting,available,1398,1448,medium,low,5,namecheap,,,20/09/2026 14:12
c6fc66cb-b231-4aa0-b078-71275c799984,unprotected.voting,available,978.6,978.6,medium,low,11,dynadot,,,30/09/2026 12:02
cfd80a02-b5c5-4010-8d0e-fd50efc24064,castro.voting,available,978.6,978.6,medium,low,6,dynadot,,,28/09/2026 09:15
5516b0da-5945-4b16-9411-89f663c0b8bf,unfounded.voting,available,1398,1448,medium,low,9,namecheap,,,08/08/2026 21:57
4eb6ea78-9911-4f5c-8abd-af71b015a8af,capabilities.voting,available,1398,1448,medium,low,12,namecheap,,,29/09/2026 11:06
13bd5e52-5795-40ba-9896-287ee4348a91,roth.voting,available,1398,1448,high,low,4,namecheap,,,25/09/2026 09:56
b6022c6a-7432-417f-9a1c-73fd6337ce84,gordian.voting,available,1398,1448,medium,low,7,namecheap,,,20/08/2026 17:03
2807e8ea-4c22-438a-9c46-a220e2545d79,buildings.voting,available,1398,1448,medium,low,9,namecheap,,,27/09/2026 09:32
fd93b013-fec6-4540-af6d-137e36d6b7b8,aleut.voting,available,1398,1448,high,low,5,namecheap,,,
b866a755-dd45-4e90-9ddc-39362e672b41,created.voting,available,978.6,978.6,high,low,7,dynadot,,,03/10/2026 00:38
c8cbfa0b-4917-4855-88bd-680b304b193e,cocos.voting,available,978.6,978.6,high,low,5,dynadot,,,02/10/2026 14:41
fddde95b-601e-4530-b913-9cbc1514f453,apoplexy.voting,available,1398,1448,medium,low,8,namecheap,,,19/09/2026 19:09
9ea7cda9-ee0e-4130-ab6e-0e1ec864d646,sensations.voting,available,1398,1448,medium,low,10,namecheap,,,02/10/2026 22:32
d95a6a39-2d53-41b9-b3db-4eada30e1dcb,ballet.voting,available,1398,1448,high,low,6,namecheap,,,21/09/2026 22:51
c539f9a0-885a-44ae-8011-a52b0b2961fe,iia.voting,available,978.6,978.6,high,low,3,dynadot,,,01/10/2026 07:40
3e8b498f-c74d-4a99-b655-b85e06eae5df,slumber.voting,available,1398,1448,high,low,7,namecheap,,,30/09/2026 10:20
2ef09561-a591-4084-a7a2-0bc406ad2c91,releasing.voting,available,1398,1448,high,low,9,namecheap,,,09/09/2026 13:32
785230a7-99ea-4956-9530-278cb7dc3bde,academically.voting,available,978.6,978.6,medium,low,12,dynadot,,,03/10/2026 02:36
667e7bcc-5372-4e24-8503-888fb72e15a0,archway.voting,available,1398,1448,high,low,7,namecheap,,,20/09/2026 02:39
cc99ab1b-d84b-46e3-9b99-d493d4bfe393,scary.voting,available,1398,1448,high,low,5,namecheap,,,12/08/2026 05:23
290da67f-63de-438d-8186-77ced666f65e,illness.voting,available,978.6,978.6,high,low,7,dynadot,,,29/09/2026 23:34
bea5bfe3-6030-4b45-8ad5-b7fc764a0936,unlikely.voting,available,1398,1448,high,low,8,namecheap,,,21/08/2026 23:08
3f5328bc-fbd7-47bf-97c2-eeaaaa7d9812,flemish.voting,available,1398,1448,high,low,7,namecheap,,,18/08/2026 07:56
a775db1c-dab0-4771-9c43-6b93d9b61bdc,rowing.voting,available,978.6,978.6,high,low,6,dynadot,,,29/09/2026 20:14
a8fee9ed-9070-446f-a6b2-25a7254f79fc,inscribe.voting,available,1398,1448,high,low,8,namecheap,,,21/09/2026 06:39
315f5a28-fc2a-4af7-b439-00426eee8fb6,penguin.voting,available,978.6,978.6,high,medium,7,dynadot,,,28/09/2026 10:42
5e6355fc-1df9-4299-9e65-d8a5a6bdd483,nihon.voting,available,978.6,978.6,high,low,5,dynadot,,,29/09/2026 13:34
3a096eab-2885-4df8-8613-858636336e87,markedly.voting,available,1398,1448,medium,low,8,namecheap,,,15/09/2026 13:31
27d8c576-7f8d-4529-849d-471e039e66c3,wiring.voting,available,1398,1448,high,low,6,namecheap,,,30/09/2026 14:45
5a4f3803-dbc4-4677-9469-96c841b4e530,serrate.voting,available,1398,1448,medium,low,7,namecheap,,,03/09/2026 22:06
37bb33a5-0919-4f8a-9fb1-e8b372525975,panoramic.voting,available,1398,1448,high,low,9,namecheap,,,22/09/2026 21:06
b944a7ba-5984-4d6e-be6e-7aaed0a960c0,preacher.voting,available,1398,1448,high,low,8,namecheap,,,27/09/2026 15:23
9b139692-d2bc-431a-9bc4-2f292cc404c0,apus.voting,available,1398,1448,medium,low,4,namecheap,,,19/09/2026 22:43
d6cbcdf5-962e-45c3-81e5-ef01dd9253bf,spaciously.voting,available,1398,1448,medium,low,10,namecheap,,,16/09/2026 00:04
185c012d-16e0-4ce1-8462-621680611fef,marie.voting,available,1398,1448,high,low,5,namecheap,,,25/09/2026 17:44
f9db2797-4bdc-495b-ad56-48e8e91e907e,twilit.voting,available,1398,1448,medium,low,6,namecheap,,,14/08/2026 21:33
41773cd8-665c-44de-9806-ab94bd49a4a9,branched.voting,available,1398,1448,high,low,8,namecheap,,,09/08/2026 20:12
b72747c0-6544-43f8-b3b2-b3c36f1c52ce,descriptive.voting,available,1398,1448,high,low,11,namecheap,,,30/09/2026 11:37
163a11ac-d4b8-4b26-9090-28b1c5c8c4be,troopers.voting,available,1398,1448,medium,low,8,namecheap,,,30/09/2026 16:00
c128daf1-86c1-4baf-b26d-aebf06ec1b7d,haag.voting,available,1398,1448,medium,low,4,namecheap,,,01/10/2026 00:54
6c37c402-9b32-4aa2-9258-b68554893a3d,depress.voting,available,1398,1448,high,low,7,namecheap,,,29/09/2026 15:56
48d6ee89-51c4-4d7c-8fa9-c27989832dc4,podlike.voting,available,1398,1448,medium,low,7,namecheap,,,08/09/2026 22:31
cb6ade6b-29d8-48d4-8e4b-e63cac8270f0,prr.voting,available,1398,1448,high,low,3,namecheap,,,02/10/2026 19:05
2dfc1c40-0300-4fd1-91c5-0a0925238e2f,hope.voting,available,1398,1448,high,medium,4,namecheap,,,24/09/2026 06:22
e3d93dfa-c88c-416e-ad05-25c27cc962d0,lienal.voting,available,1398,1448,low,low,6,namecheap,,,23/08/2026 01:33
8dc0aef5-b273-4cda-97da-a897a1316bc1,birdseed.voting,available,1398,1448,high,low,8,namecheap,,,23/09/2026 19:50
8673a989-80e0-45a2-bc89-f40cb67d4fc7,bum.voting,available,1398,1448,medium,low,3,namecheap,,,09/08/2026 10:49
f2d215e4-172e-4b33-8f3f-d05f51b8deca,sewn.voting,available,1398,1448,medium,low,4,namecheap,,,10/09/2026 05:07
b319ced5-fdf7-4dbe-9bd5-8836d07362db,warlike.voting,available,1398,1448,medium,low,7,namecheap,,,21/08/2026 01:40
4281d4f1-c708-4ee2-aed2-eff9b38e5a73,verma.voting,available,1398,1448,medium,low,5,namecheap,,,02/10/2026 02:53
3d285a87-b51a-4fcf-8180-b3a409c3bdf6,shears.voting,available,978.6,978.6,high,low,6,dynadot,,,30/09/2026 11:05
93d46ebe-d673-4926-9182-b79805e1403d,peerage.voting,available,1398,1448,high,low,7,namecheap,,,22/09/2026 07:17
66c33b9a-2feb-48fc-a347-1815d55fef91,repeat.voting,available,1398,1448,high,low,6,namecheap,,,24/09/2026 12:27
8c793fa8-ba6d-4d76-803b-56f132659c7f,spaceship.voting,available,1398,1448,high,medium,9,namecheap,,,29/09/2026 08:05
92cf8c35-4972-412e-8a95-6cef0d666959,dessert.voting,available,978.6,978.6,high,low,7,dynadot,,,01/10/2026 21:42
7cfb46bf-b09e-44b0-9726-e41ac577118a,berbers.voting,available,1398,1448,medium,low,7,namecheap,,,19/09/2026 23:24
af1ff524-0b96-436c-bc3c-9b2839a195ec,slivery.voting,available,1398,1448,medium,low,7,namecheap,,,10/09/2026 11:13
7c2983bd-4e45-4f90-9c60-c62191a4048b,anouilh.voting,available,1398,1448,medium,low,7,namecheap,,,19/09/2026 11:52
e211cab1-3797-492f-8607-506c3e003169,uss.voting,available,1398,1448,high,low,3,namecheap,,,25/09/2026 13:39
83635070-8d1d-46c9-8166-e690838485c5,actuality.voting,available,1398,1448,high,low,9,namecheap,,,17/09/2026 05:19
921aeda9-9f5f-4de0-a81c-5b09c607812c,cunning.voting,available,1398,1448,medium,low,7,namecheap,,,24/09/2026 01:26
45edd917-b001-4515-932e-4eb1b1cb25ef,starred.voting,available,1398,1448,medium,low,7,namecheap,,,07/08/2026 08:52
c543c0b6-424b-420c-afa2-479f837aa429,argali.voting,available,1398,1448,medium,low,6,namecheap,,,20/09/2026 04:09
50911f61-fb3a-4ff5-a1cf-e9af4a95a0e4,argon.voting,available,1398,1448,high,low,5,namecheap,,,19/09/2026 23:19
3a52f2b3-a929-41ad-9930-d8d23a7bf8d8,prevented.voting,available,1398,1448,medium,low,9,namecheap,,,29/09/2026 10:45
6a341a2a-6079-4462-837e-3acbd6ea0356,preferred.voting,available,1398,1448,high,low,9,namecheap,,,09/08/2026 17:53
bfd9d2fb-d9c6-47b9-9b33-6cf72348cb1a,guerrero.voting,available,978.6,978.6,high,low,8,dynadot,,,28/09/2026 04:07
b061a203-f5ae-4cd7-bdaf-87bdafd6ed1d,kandahar.voting,available,978.6,978.6,medium,low,8,dynadot,,,01/10/2026 02:47
ce1061a0-119d-4e63-bb45-1e4a814fe580,hospitals.voting,available,1398,1448,medium,low,9,namecheap,,,20/09/2026 04:37
11d24780-8c83-4188-9b35-77828ec03fb1,grazing.voting,available,978.6,978.6,medium,low,7,dynadot,,,29/09/2026 01:08
e8517502-2d38-455a-bc99-09fc11e31910,overloaded.voting,available,1398,1448,medium,low,10,namecheap,,,04/09/2026 20:54
15e1ecdd-d38e-4c8f-a45a-5bd988e2eece,newsroom.voting,available,978.6,978.6,high,low,8,dynadot,,,02/10/2026 16:12
f8969e2a-9ffd-489e-9fe7-205df362f72a,gushy.voting,available,1398,1448,medium,low,5,namecheap,,,20/08/2026 21:03
315d9fbf-361c-44b3-8b25-5a7acf21092c,tentacles.voting,available,1398,1448,medium,low,9,namecheap,,,02/10/2026 03:57
9be0e1ee-46e6-47c1-8d1b-1d3970f1d433,basis.voting,available,978.6,978.6,high,low,5,dynadot,,,29/09/2026 01:24
4b78fd25-f4bd-4edc-91b4-1822b901bd04,avoidance.voting,available,1398,1448,medium,low,9,namecheap,,,21/09/2026 09:49
1aac736c-a6f2-4767-8409-374d9140822d,banister.voting,available,1599.99,1599.99,high,low,8,name.com,,,22/09/2026 00:28
05b78f7f-1d83-45f3-9bd0-492ee5a54854,khz.voting,available,1398,1448,high,low,3,namecheap,,,25/09/2026 08:09
88c0e87c-6754-4653-9109-3d8e54767717,unveiled.voting,available,1398,1448,high,low,8,namecheap,,,12/09/2026 22:05
782bca03-7bc9-49c5-b8bf-86c54e1e515e,shortcuts.voting,available,1398,1448,medium,medium,10,namecheap,,,18/09/2026 08:11
f9991d3a-dd47-4ccf-9315-3d697a39759b,ambulant.voting,available,1398,1448,medium,low,8,namecheap,,,
c357b1ea-dfaa-4177-9daf-e290815922cf,balletic.voting,available,1398,1448,medium,low,8,namecheap,,,08/08/2026 10:26
cedf4baa-7b9a-4581-90a6-47e331799dbb,engages.voting,available,978.6,978.6,medium,low,7,dynadot,,,02/10/2026 22:45
828e52bd-ae55-44a9-b23c-ea3e0481d2df,catenulate.voting,available,1398,1448,medium,low,10,namecheap,,,11/08/2026 21:32
546d0546-607d-4efc-bd1d-ccffc47fd032,arnhem.voting,available,1398,1448,medium,low,6,namecheap,,,20/09/2026 08:09
b3e9645f-880e-4459-addf-499ea9b94951,chian.voting,available,1398,1448,medium,low,5,namecheap,,,12/08/2026 04:34
f70afb1b-6db9-46be-b34e-268156963994,rectangular.voting,available,978.6,978.6,high,low,11,dynadot,,,30/09/2026 06:01
285bf21d-5263-40b9-803c-fef9b6ce7090,interrogate.voting,available,1398,1448,high,low,11,namecheap,,,01/10/2026 05:15
3bd66833-8564-4a99-85d5-219cf4ef11e8,xun.voting,available,1398,1448,medium,low,3,namecheap,,,02/10/2026 07:35
c515bfca-2018-423e-bb1a-00fa828e895f,mosby.voting,available,978.6,978.6,medium,low,5,dynadot,,,30/09/2026 05:30
643bf26c-d65a-4410-a6dc-92e4718ab59e,barye.voting,available,1599.99,1599.99,medium,low,5,name.com,,,22/09/2026 03:48
18550903-c4e8-42c8-b259-690aeb9bfa8d,windsor.voting,available,1398,1448,high,low,7,namecheap,,,29/09/2026 23:04
b14750a7-4003-4a90-a94f-c2cfd563f18e,alternative.voting,available,,,high,low,11,,,,26/09/2026 00:42
7675804d-4ca3-4628-b07e-f3142ddadf55,sexuality.voting,available,1398,1448,high,low,9,namecheap,,,28/09/2026 10:54
75315508-7937-465d-b5c7-a0d7299dd563,maddened.voting,available,1398,1448,medium,low,8,namecheap,,,
e2effe63-384f-42d0-9ef1-f949ff3a1ab1,brimful.voting,available,1398,1448,medium,low,7,namecheap,,,11/08/2026 04:08
45d49767-91ac-47e1-9055-98f9e1f1d3b9,aeolic.voting,available,1398,1448,medium,low,6,namecheap,,,17/09/2026 12:35
c60b223a-361d-43e6-8fab-de692a1e6805,searchable.voting,available,1398,1448,high,low,10,namecheap,,,30/09/2026 04:15
2fbb8eed-7bdc-47dc-842e-2d0afdb09864,katz.voting,available,1398,1448,high,low,4,namecheap,,,25/09/2026 15:43
94c29f47-41e0-46ce-83fe-05664f369fb2,famously.voting,available,1398,1448,high,low,8,namecheap,,,14/09/2026 16:46
5698da43-becd-4e39-821a-ecd9153899ce,swabian.voting,available,978.6,978.6,high,low,7,dynadot,,,03/10/2026 03:45
3ba060ba-7e93-435d-9ed5-66175fd6bb2d,snapping.voting,available,1398,1448,high,low,8,namecheap,,,01/10/2026 23:49
3abbd2a3-0416-4ca0-8bfa-5abafc59b868,jihadi.voting,available,1398,1448,medium,low,6,namecheap,,,22/08/2026 13:21
03e7014b-77f4-42b4-8f9e-1d4786e46ae7,powhatan.voting,available,1398,1448,high,low,8,namecheap,,,01/10/2026 03:20
dfc085c5-b344-4a0e-b10d-3159f1ddf6c7,fleshy.voting,available,1398,1448,medium,low,6,namecheap,,,18/08/2026 08:02
44b9ff9a-b3e4-49d5-a082-977de23fdeb3,throngs.voting,available,1398,1448,medium,low,7,namecheap,,,20/09/2026 14:21
9495b3f7-e2da-42f6-b0d1-3ad5a77f6199,deacon.voting,available,978.6,978.6,high,low,6,dynadot,,,30/09/2026 09:20
e0b78c1b-d226-4336-95b2-2045f13e0e46,brushes.voting,available,1398,1448,medium,low,7,namecheap,,,30/09/2026 00:37
a81297df-421b-43ef-a073-534cf3d8ba00,broadly.voting,available,978.6,978.6,medium,low,7,dynadot,,,28/09/2026 13:32
ecbf8ed0-1792-4c9f-9c9a-859c078323f3,saami.voting,available,1398,1448,high,medium,5,namecheap,,,09/09/2026 21:07
d804520a-72b5-4cf2-8b99-bf544488e076,mucky.voting,available,1398,1448,medium,low,5,namecheap,,,10/08/2026 17:06
c5e0cb92-7678-47c4-bbdf-f01c5f5459a7,otto.voting,available,1398,1448,high,medium,4,namecheap,,,28/09/2026 04:33
7fefa646-e47e-4d48-804f-b6b5a509cca4,showing.voting,available,1398,1448,high,low,7,namecheap,,,25/09/2026 10:36
beb39583-938f-4f5b-83e7-5803c47d0639,sinner.voting,available,1398,1448,medium,low,6,namecheap,,,29/09/2026 18:50
3a66cddc-a8ec-41c2-8fc9-864ee5f7f9ed,anabolic.voting,available,1398,1448,high,low,8,namecheap,,,
7845e80f-3389-40cf-a3ae-b9b2bd1aa3bf,registering.voting,available,1398,1448,high,low,11,namecheap,,,30/09/2026 23:13
e0eeee53-d285-4c0d-ae25-4210daf33c7c,nameless.voting,available,1398,1448,high,low,8,namecheap,,,03/09/2026 12:53
c48f6eb5-2e0f-4bf9-934b-14970c262946,durable.voting,available,1398,1448,high,low,7,namecheap,,,24/09/2026 12:29
97cd9547-0726-40ec-afaa-e44e5302a4d0,shit.voting,available,1398,1448,high,medium,4,namecheap,,,22/09/2026 18:05
c2cda570-7256-4da9-be49-2462823906f4,trustees.voting,available,978.6,978.6,high,low,8,dynadot,,,29/09/2026 23:08
a30e60dc-232b-4cc7-9c37-ef4dd0d880dc,exercising.voting,available,1398,1448,high,low,10,namecheap,,,29/09/2026 18:30
5914feeb-473b-48da-958d-7cef8527bbbc,sleepily.voting,available,1398,1448,medium,low,8,namecheap,,,16/09/2026 02:32
964eb7c8-89a4-4fb3-8c2c-e36046910b84,homy.voting,available,1398,1448,medium,low,4,namecheap,,,21/08/2026 11:08
1fbd9bee-3301-4062-be2a-17d6bc331fe0,coproduction.voting,available,1398,1448,medium,low,13,namecheap,,,30/09/2026 14:49
112f8c0d-4c86-4166-ae49-45f2b98cbb5f,redoubled.voting,available,1398,1448,high,medium,9,namecheap,,,09/09/2026 12:22
3a7e01cb-b8a1-4743-a824-6a1df8f4da39,registrar.voting,available,1398,1448,high,low,9,namecheap,,,02/10/2026 06:12
ea66a317-ff6c-49d4-8c14-829b2ac18ba4,male.voting,available,1398,1448,high,low,4,namecheap,,,25/09/2026 16:34
50f451bf-6f8d-4c93-af48-d23d102cdba7,fighters.voting,available,1398,1448,medium,low,8,namecheap,,,28/09/2026 05:05
bce420d5-e56e-4692-87d1-a6f2776ef319,cautionary.voting,available,1398,1448,medium,low,10,namecheap,,,
071559e6-18a7-4655-93a9-fa12c8c711be,aden.voting,available,1599.99,1599.99,medium,low,4,name.com,,,17/09/2026 07:22
64512614-f600-4255-9682-733b690ea39e,writers.voting,available,978.6,978.6,high,low,7,dynadot,,,28/09/2026 04:38
c15de1ad-c2d9-42f1-8508-11d61e795de9,love.voting,available,1398,1448,high,medium,4,namecheap,,,22/09/2026 19:29
bc9975cd-a41c-4779-90be-83d022c8d17f,yea.voting,available,1398,1448,high,low,3,namecheap,,,16/09/2026 11:48
8277eaf2-244b-4b23-8555-e1957ec7b8ed,bidding.voting,available,1398,1448,high,low,7,namecheap,,,23/09/2026 13:29
41c99d59-8e97-4f1c-a1d8-0bffe24f4838,sinclair.voting,available,1599.99,1599.99,high,low,8,name.com,,,25/09/2026 04:16
8ca959c6-a9c6-4e41-a37f-c61250187851,smatter.voting,available,1398,1448,medium,low,7,namecheap,,,24/09/2026 04:48
baa0d1f8-07a6-4a22-b112-fb08052bd865,basque.voting,available,1398,1448,high,low,6,namecheap,,,22/09/2026 11:41
31663f87-f05c-4dba-930d-483f5e3eb781,sheeny.voting,available,1398,1448,high,low,6,namecheap,,,20/08/2026 14:32
50852209-1a77-42cf-a439-be90b6031c95,johnnie.voting,available,978.6,978.6,high,low,7,dynadot,,,30/09/2026 04:30
c5e5ff35-7512-42a2-8ab7-ad26807fe09f,limes.voting,available,978.6,978.6,high,low,5,dynadot,,,02/10/2026 22:48
5797eda3-c374-4377-86ee-2d36c8629adb,player.voting,available,978.6,978.6,high,low,6,dynadot,,,01/10/2026 03:06
b597bdf4-218d-44e3-8ebd-13badc97ff98,ambrose.voting,available,1398,1448,high,low,7,namecheap,,,18/09/2026 17:22
83b0a61f-b920-4f7f-bd34-fb3a60097541,troublous.voting,available,1398,1448,low,low,9,namecheap,,,11/09/2026 20:27
c8f55477-9d47-4dee-887f-e3b1fb9d323c,bearish.voting,available,1398,1448,medium,low,7,namecheap,,,09/08/2026 04:48
431ce4b6-74f5-41b1-a66d-13a492e3f34b,convincing.voting,available,1398,1448,high,low,10,namecheap,,,23/09/2026 22:56
9792beea-cfa8-41fa-8687-34f88c0a3c2d,involve.voting,available,978.6,978.6,high,low,7,dynadot,,,30/09/2026 05:28
52adebac-40b2-4d31-b58b-067dcecd75d3,marble.voting,available,978.6,978.6,high,low,6,dynadot,,,30/09/2026 03:53
3bf6a142-cadc-44ef-a56f-4b0e4353218f,toasted.voting,available,1398,1448,high,low,7,namecheap,,,11/09/2026 16:35
85857ab1-1caf-479f-8ecf-343ce5b25255,immutable.voting,available,1398,1448,high,low,9,namecheap,,,12/08/2026 01:57
be481747-3116-4485-9f33-315243f748cc,sporting.voting,available,1398,1448,high,low,8,namecheap,,,09/08/2026 18:15
2a901fb0-863d-434c-a69b-31e9d03ad224,hokkaido.voting,available,1398,1448,high,low,8,namecheap,,,28/09/2026 05:40
cef200df-bbd1-4caf-b170-6ee98711d6fb,machinist.voting,available,1398,1448,high,low,9,namecheap,,,19/09/2026 17:14
743b22bd-3db7-4f3f-a91f-94b49207ff1a,carroll.voting,available,1398,1448,high,low,7,namecheap,,,29/09/2026 18:13
1bbae427-f11c-424f-a41d-1e8f9d68683d,delacroix.voting,available,1398,1448,high,low,9,namecheap,,,02/10/2026 14:50
e2c1c858-884a-4891-ae42-1d0ae10f54bf,hash.voting,available,978.6,978.6,high,medium,4,dynadot,,,29/09/2026 01:16
4b65dc5c-7076-4f10-8113-d571d05e281e,aught.voting,available,1398,1448,medium,low,5,namecheap,,,03/09/2026 22:36
0ad7b348-b1e1-4e10-b48d-7ef383632f7b,cancelled.voting,available,1398,1448,high,low,9,namecheap,,,11/08/2026 16:25
85fbbd28-f776-4054-8418-1b1bda1e9c5e,numbing.voting,available,1398,1448,medium,low,7,namecheap,,,03/09/2026 22:49
8fd29d34-2f8e-4523-9adf-0c00bf11ab80,milton.voting,available,1398,1448,high,low,6,namecheap,,,28/09/2026 10:12
3d3077f3-e0eb-4080-8635-54c2a0d24d48,gabriele.voting,available,978.6,978.6,medium,low,8,dynadot,,,30/09/2026 21:12
2ac56f97-4e0f-44cd-907a-efadfdc0b74a,matcha.voting,available,978.6,978.6,high,medium,6,dynadot,,,01/10/2026 03:44
315180c6-204b-4deb-b344-559184b5bc42,connor.voting,available,1398,1448,high,low,6,namecheap,,,25/09/2026 15:29
5ce4565e-7779-43ce-aa6a-735ba3b9ffd8,aesthete.voting,available,1398,1448,medium,low,8,namecheap,,,17/09/2026 13:35
f34b263f-bb54-4643-bffc-826ea5f58f7e,rubinstein.voting,available,1398,1448,medium,low,10,namecheap,,,19/09/2026 15:30
8d525731-2393-4b92-bac7-236366731bf1,candice.voting,available,1398,1448,medium,low,7,namecheap,,,02/10/2026 22:06
1f46b140-3a68-46b9-a025-5215af5845e6,strong.voting,available,1398,1448,high,low,6,namecheap,,,25/09/2026 07:58
31ec3ca1-66b6-4419-82ea-78f55e5d463b,apostolic.voting,available,1398,1448,medium,low,9,namecheap,,,06/08/2026 04:04
320c2401-1074-445a-a2e4-b7f0118c48bc,ablative.voting,available,1398,1448,medium,low,8,namecheap,,,
b36fa5cf-88c3-4445-a87b-fd1d34e6497c,vindicated.voting,available,1398,1448,high,low,10,namecheap,,,08/09/2026 05:23
2339b6e7-09a8-40ea-84db-e1c3746c36c4,preciously.voting,available,1398,1448,high,medium,10,namecheap,,,09/09/2026 01:14
e5bd169c-5c34-4229-9a45-23d0d7854dcf,feldman.voting,available,978.6,978.6,medium,low,7,dynadot,,,27/09/2026 20:17
33821082-7396-4e4b-bea3-44d5634c87b2,taunton.voting,available,1398,1448,medium,low,7,namecheap,,,28/09/2026 05:05
d84fcf63-5224-485f-a860-9f785a6a0def,alcides.voting,available,1599.99,1599.99,medium,low,7,name.com,,,18/09/2026 04:05
33a8931a-ba19-405f-a6ab-9fa4636bc339,sandy.voting,available,1398,1448,high,low,5,namecheap,,,06/08/2026 17:31
9599e850-011c-4bbb-a99b-aa556ecc2164,dusting.voting,available,978.6,978.6,high,low,7,dynadot,,,02/10/2026 06:55
6949cf04-7ce6-4807-a5cc-215042ab9156,mistrust.voting,available,1398,1448,high,low,8,namecheap,,,24/09/2026 23:12
62cebefc-baf6-46ca-a0e0-faa647eba244,threaten.voting,available,1398,1448,high,low,8,namecheap,,,27/09/2026 04:46
3ec930aa-a937-4707-b582-856fac3ad0e8,xlii.voting,available,1398,1448,medium,low,4,namecheap,,,
ce2f834f-a1ea-4fde-a664-d532eb8b0271,escobar.voting,available,978.6,978.6,high,low,7,dynadot,,,29/09/2026 22:26
5fcb0cbf-f6c9-4439-b077-20f861dc177b,arras.voting,available,1398,1448,medium,low,5,namecheap,,,20/09/2026 08:49
daafc924-068d-4374-8522-1ad4211866fb,wolff.voting,available,1398,1448,high,low,5,namecheap,,,25/09/2026 23:22
84d6d6e5-4e93-49a8-8794-f9b2aeb185a1,affair.voting,available,1398,1448,high,low,6,namecheap,,,17/09/2026 13:59
f5af77fc-d324-452a-a79a-230376bfa1e4,revoke.voting,available,978.6,978.6,high,low,6,dynadot,,,01/10/2026 19:06
de929833-0143-4922-93e2-3686ac34efcc,hindenburg.voting,available,978.6,978.6,medium,low,10,dynadot,,,29/09/2026 19:09
473bfced-9926-41a3-acfa-d2a5832460d3,bandwagon.voting,available,1398,1448,high,low,9,namecheap,,,22/09/2026 01:35
d4a2cb96-cc59-4f5b-9039-f48626781bb0,demoralize.voting,available,1398,1448,medium,low,10,namecheap,,,13/08/2026 02:16
fea65a21-25ff-44f8-8f4a-5a815fb3b05d,fortuna.voting,available,978.6,978.6,high,low,7,dynadot,,,29/09/2026 00:59
722aafc6-c0ae-4381-b7c1-be52b6ead0b8,pettifog.voting,available,1398,1448,medium,low,8,namecheap,,,23/09/2026 13:20
768884f3-fe6f-4563-99fb-df54779f3df5,wiley.voting,available,1398,1448,high,low,5,namecheap,,,27/09/2026 08:05
4f07666a-be08-4c79-be70-0d3986180467,clinch.voting,available,1398,1448,high,low,6,namecheap,,,02/10/2026 04:22
bd5abac4-ce0e-43bd-a786-d8fe7750a076,horrors.voting,available,978.6,978.6,medium,low,7,dynadot,,,30/09/2026 00:17
a5dffd76-bf4e-4db2-8128-90bea4807057,fantasm.voting,available,1398,1448,medium,low,7,namecheap,,,08/09/2026 18:39
88187f9a-4a54-41ab-a921-5d9a58bb725a,dion.voting,available,978.6,978.6,medium,low,4,dynadot,,,28/09/2026 09:08
4822456c-80aa-424a-a4ca-f76649e91960,smartest.voting,available,1398,1448,high,low,8,namecheap,,,20/09/2026 22:26
62ee7103-ebb7-4cbb-9027-0df5499e53ea,closeout.voting,available,1448,,high,low,9,namecheap,,,
046392f1-ff34-489f-adb3-cb7ea23c2e1b,battlefield.voting,available,1398,1448,high,low,11,namecheap,,,28/09/2026 16:00
19ffdaea-83d5-47cf-b39d-48471ed43225,kawasaki.voting,available,1398,1448,high,medium,8,namecheap,,,28/09/2026 17:33
41668642-3972-4658-a046-456e01ff6c7b,cinnamon.voting,available,1398,1448,high,low,8,namecheap,,,29/09/2026 07:51
23b11e71-186e-49ca-bebb-9404f7035c79,toys.voting,available,1398,1448,high,low,4,namecheap,,,20/09/2026 06:04
515ca65e-045d-402f-944a-263a100e53d2,threepenny.voting,available,1398,1448,medium,low,10,namecheap,,,10/09/2026 09:08
d005b1b4-654f-42e4-afae-6262912e6a02,beatrix.voting,available,1398,1448,medium,low,7,namecheap,,,30/09/2026 21:15
29a429a6-08d0-43e4-a84b-3a1a1052236c,syllables.voting,available,978.6,978.6,medium,low,9,dynadot,,,30/09/2026 22:56
b827bcfc-ce37-495f-85d9-c407f41c7f92,then.voting,available,1398,1448,high,low,4,namecheap,,,28/09/2026 02:27
4bea01d2-9bc3-46ab-920b-b45c1f66062f,tang.voting,available,1398,1448,high,low,4,namecheap,,,24/09/2026 01:32
8be8d2e2-3f14-443c-9698-ece45ae6730f,significant.voting,available,978.6,978.6,high,low,11,dynadot,,,01/10/2026 01:29
6cc9fd73-50a8-45d2-9184-3b9984d4743e,marseille.voting,available,978.6,978.6,high,low,9,dynadot,,,03/10/2026 01:34
39fcae10-611a-4897-90d6-db670de42083,laboratory.voting,available,978.6,978.6,high,low,10,dynadot,,,30/09/2026 18:22
57b5b8fa-90bb-4ea5-9a88-40ab2513eb98,kay.voting,available,1599.99,1599.99,high,low,3,name.com,,,26/09/2026 00:52
4363f343-6346-459e-b0c2-95e7e5a65271,regent.voting,available,1398,1448,high,medium,6,namecheap,,,09/09/2026 12:52
d57c9476-ec31-4690-8c9e-b7bfdd28c3bd,assignments.voting,available,978.6,978.6,medium,low,11,dynadot,,,28/09/2026 18:20
e991b5e3-d5b7-4471-9a53-b873a602c894,cramped.voting,available,1398,1448,medium,low,7,namecheap,,,13/08/2026 04:47
b73c5d92-0c3f-43a2-9006-d5051bccf3a7,clair.voting,available,978.6,978.6,high,low,5,dynadot,,,30/09/2026 13:41
e465808e-b6f2-4d05-89b6-fd9110a8f0ef,humiliated.voting,available,1398,1448,medium,low,10,namecheap,,,21/08/2026 15:03
43a90252-29f0-4886-9c17-b38ef138ac18,ebola.voting,available,1398,1448,medium,low,5,namecheap,,,30/09/2026 17:06
8110cad2-b68a-48f6-8e16-e71d3989ba86,fiery.voting,available,1398,1448,high,low,5,namecheap,,,06/08/2026 16:24
7729f10c-d17f-44dd-abf8-4988811674c0,obscurely.voting,available,1398,1448,medium,low,9,namecheap,,,15/09/2026 17:13
1c655fb3-7a1b-49ae-9283-744a13e00256,ground.voting,available,1398,1448,high,low,6,namecheap,,,29/09/2026 17:40
8fbb625b-063a-4163-9dd9-8dd7ae0831be,hic.voting,available,1398,1448,high,low,3,namecheap,,,01/10/2026 01:07
78838b0b-96ec-4c38-a470-2f1b5428f1aa,enable.voting,available,978.6,978.6,high,low,6,dynadot,,,30/09/2026 19:00
15a77672-cf12-44cd-8878-4f0957701635,priscilla.voting,available,978.6,978.6,high,low,9,dynadot,,,28/09/2026 03:51
1e7b11e4-6ade-4b85-a5ca-ab3e9213383f,parametric.voting,available,1398,1448,high,low,10,namecheap,,,08/09/2026 01:01
dffa7d59-8ecf-4d67-b5eb-db4c05c09073,physiology.voting,available,1398,1448,high,low,10,namecheap,,,29/09/2026 19:59
140a9d82-ac2a-4015-b2e1-7333e9b33aac,hagen.voting,available,978.6,978.6,high,low,5,dynadot,,,27/09/2026 20:14
cc28ea64-385b-4e06-8a83-8ff038e32940,assail.voting,available,1398,1448,medium,low,6,namecheap,,,20/09/2026 15:49
bd04d446-742c-4312-a2a1-ed47d0cf5239,inrush.voting,available,1398,1448,high,low,6,namecheap,,,22/08/2026 06:17
e0a50cf5-8d49-45f9-bc80-8039f93d8162,differently.voting,available,1398,1448,medium,low,11,namecheap,,,26/09/2026 03:11
7bf997ed-217b-4aaf-9fc9-5477264cdcf3,lookup.voting,available,1398,1448,high,low,7,namecheap,,,02/10/2026 15:31
0c2b1720-00c7-4c78-9870-88270865c4e6,highlighting.voting,available,1398,1448,high,low,12,namecheap,,,01/10/2026 23:00
f5687b37-efde-4bb3-a544-0cdd02f4f5bd,face.voting,available,1398,1448,high,low,4,namecheap,,,24/09/2026 21:57
4d5d8ea6-c75b-46ba-9fb6-b85cf0b70877,beginning.voting,available,1398,1448,high,low,9,namecheap,,,09/08/2026 09:06
9d6dace3-cfce-4a80-ad7c-d638da8e2e8e,instep.voting,available,1398,1448,high,low,7,namecheap,,,16/09/2026 14:59
3ef92ff9-c80b-466c-8cf5-a422600d688a,marian.voting,available,1398,1448,high,low,6,namecheap,,,24/08/2026 15:53
a57352cc-365f-4f5b-8936-89dde83b1b9b,elmore.voting,available,978.6,978.6,medium,low,6,dynadot,,,29/09/2026 10:03
c1e035ce-04be-4cee-ad97-9c3b14eff15f,allergy.voting,available,1398,1448,high,low,7,namecheap,,,28/09/2026 20:29
039ef634-a367-4a3a-b345-5b39229daa7f,choral.voting,available,1398,1448,high,low,6,namecheap,,,12/08/2026 07:03
42a33e85-780d-4120-86c8-1a1919987d05,mio.voting,available,1398,1448,high,low,3,namecheap,,,30/09/2026 12:31
4f3b0d6a-abcf-4cde-bc76-f42c4b7d7dd8,balusters.voting,available,1398,1448,high,low,9,namecheap,,,22/09/2026 00:30
b2c0fbe7-ccd9-4252-acb4-e7aae82a72eb,complaint.voting,available,1398,1448,high,low,9,namecheap,,,25/09/2026 07:37
1894ed77-34cc-4dcd-aca6-88384e5a30e6,blessings.voting,available,978.6,978.6,medium,low,9,dynadot,,,28/09/2026 17:50
776e883a-3770-4de9-9dc1-da6ec20a3219,starfish.voting,available,1398,1448,high,low,8,namecheap,,,03/10/2026 02:04
01bd677a-a21e-4e10-89b1-20bf1c090daa,castleton.voting,available,978.6,978.6,medium,low,9,dynadot,,,02/10/2026 20:54
78c18691-542b-4a08-8001-30f65a49585a,stack.voting,available,1398,1448,high,medium,5,namecheap,,,25/08/2026 00:45
cea40dae-6fc6-4722-8d1a-ac41d8e013b8,taxpayer.voting,available,978.6,978.6,high,low,8,dynadot,,,30/09/2026 18:53
04253e2c-9296-4acd-be29-79aa0d1de799,king.voting,available,978.6,978.6,high,medium,4,dynadot,,,28/09/2026 23:59
75ceee36-17a8-4f79-a0a1-61d37f3f8979,turner.voting,available,1398,1448,high,low,6,namecheap,,,29/09/2026 00:58
5f13a69d-18cc-46c6-9249-93b66adbefd5,bracelets.voting,available,1398,1448,high,low,9,namecheap,,,02/10/2026 03:38
806fe6a8-94d6-4834-9dca-3576000978e3,chore.voting,available,1398,1448,high,low,5,namecheap,,,29/09/2026 09:00
aef771ca-6d8a-497a-bf70-69b69d33cef4,founders.voting,available,1398,1448,high,low,8,namecheap,,,01/10/2026 00:45
6ba282af-a539-46b9-b856-40d6a5825ba6,conniption.voting,available,1398,1448,medium,low,10,namecheap,,,18/08/2026 05:43
2dba0763-9645-4da7-9778-e315140fb0ec,drugstore.voting,available,1398,1448,high,low,9,namecheap,,,19/09/2026 19:43
1e41e3ca-33b2-436d-b9ba-795414461427,vicky.voting,available,1398,1448,medium,low,5,namecheap,,,29/09/2026 03:57
3a35813b-1e90-4e94-ac80-0d52801bdaf2,develop.voting,available,978.6,978.6,high,low,7,dynadot,,,30/09/2026 13:46
e6caafa3-0d7a-444d-88ed-104987c5f8a5,taranto.voting,available,978.6,978.6,medium,low,7,dynadot,,,02/10/2026 19:15
0cdc5fb5-76d3-4b9f-a6d3-fbdb34fc67e2,regency.voting,available,978.6,978.6,high,low,7,dynadot,,,02/10/2026 16:33
a08593d9-de71-4905-ab1a-3ececc358c50,amino.voting,available,1398,1448,high,low,5,namecheap,,,
1c2dad4a-f6a1-4cdc-96d3-83fa238b86a0,sul.voting,available,1398,1448,medium,low,3,namecheap,,,27/09/2026 10:19
cae93710-71eb-44cf-a31e-bb4146ba7c60,strung.voting,available,1398,1448,medium,low,6,namecheap,,,10/09/2026 22:54
abad0e71-5fbb-4e69-8dc1-0bbebeb7de6f,billyo.voting,available,1398,1448,medium,low,6,namecheap,,,18/09/2026 09:10
57ed1183-f7e3-4cf5-b7ba-aaf32c99927e,elijah.voting,available,1398,1448,high,low,6,namecheap,,,29/09/2026 12:10
601d38f8-2e5d-49b9-8a0c-14ee41c2e827,unhinged.voting,available,1398,1448,medium,low,8,namecheap,,,11/08/2026 01:52
f5a6daca-e141-4ff8-bcef-88582876663d,irenaeus.voting,available,1398,1448,medium,low,8,namecheap,,,03/10/2026 01:19
4086f642-4c0b-4480-8aeb-05cad2a7c6a4,hortense.voting,available,1398,1448,medium,low,8,namecheap,,,02/10/2026 19:44
630c32a2-c030-45da-ae90-025c06539aa1,vision.voting,available,1398,1448,high,medium,6,namecheap,,,25/09/2026 07:47
7b77086f-6f89-4c20-b844-3794870fbbc1,contracts.voting,available,978.6,978.6,medium,low,9,dynadot,,,28/09/2026 08:33
277e81d3-8b27-4886-b80a-3bbd14e154bd,passionate.voting,available,1398,1448,high,low,10,namecheap,,,27/09/2026 02:53
f937af4c-e4b5-48a7-b7a9-4b8725e9c515,shockingly.voting,available,1398,1448,medium,low,10,namecheap,,,16/09/2026 01:31
1b8b6e67-2f1c-4f00-83b0-a7999dcc2a79,mathews.voting,available,1398,1448,medium,low,7,namecheap,,,27/09/2026 01:56
3183a3c3-5191-46db-b259-fa90c882eb3f,adventures.voting,available,1398,1448,high,low,10,namecheap,,,18/09/2026 17:22
ebbabb10-14b7-4a18-b427-db2078d532c3,chorally.voting,available,1398,1448,medium,low,8,namecheap,,,14/09/2026 06:49
d337dc81-668c-41c2-80ab-ff33c0aacd88,whispering.voting,available,1398,1448,high,low,10,namecheap,,,03/09/2026 11:10
2a1db65d-e3b6-43d4-b6f2-2ab3a37450bb,florence.voting,available,978.6,978.6,high,low,8,dynadot,,,28/09/2026 05:43
489399e9-43a8-4c37-88fb-b64b34cbdbd3,shrew.voting,available,978.6,978.6,high,low,5,dynadot,,,02/10/2026 06:24
c8d71351-9ed3-45a0-8ac3-c9bd8f5f8432,outdoor.voting,available,1398,1448,high,low,7,namecheap,,,01/10/2026 02:25
86a31794-0541-4be1-a389-0306dce98c6b,fuego.voting,available,1398,1448,high,low,5,namecheap,,,30/09/2026 09:50
656d7884-980b-47df-a298-6140ea8522f1,perseverance.voting,available,978.6,978.6,high,low,12,dynadot,,,02/10/2026 01:31
ebce2235-e5e5-4c6e-bbbb-a79615ed0188,oozing.voting,available,1398,1448,medium,low,6,namecheap,,,04/09/2026 15:28
17056521-61e5-4a5d-b983-4c5ec48538ad,shaggy.voting,available,1398,1448,high,low,6,namecheap,,,11/08/2026 11:17
160693ce-9f82-410f-a1c9-1b66f3140545,queenlike.voting,available,1398,1448,medium,low,9,namecheap,,,09/09/2026 07:54
2c8850c7-02f8-45f7-b079-9973449d4944,baneful.voting,available,1398,1448,low,low,7,namecheap,,,08/08/2026 09:44
45df2e5b-2d73-402c-9888-9992993d106b,rarefied.voting,available,1398,1448,medium,low,8,namecheap,,,17/08/2026 15:44
1d18a4b8-cf49-40fb-a135-90ac6874f838,breaking.voting,available,1599.99,1599.99,high,low,8,name.com,,,25/09/2026 02:26
05a3052a-6f66-44b4-8290-114c5160e596,holidays.voting,available,1398,1448,high,low,8,namecheap,,,20/09/2026 04:47
b12f0d13-b86a-49c4-88a8-2cb7dc6fb1bd,xxix.voting,available,1398,1448,medium,low,4,namecheap,,,
e7cedfa1-9a38-4126-8006-aa01fd9138b7,mediation.voting,available,978.6,978.6,high,low,9,dynadot,,,30/09/2026 02:01
8cac61da-4ba7-4f04-abc7-eaa3f9ea825e,rumansh.voting,available,1398,1448,high,medium,7,namecheap,,,09/09/2026 18:32
eea84fb3-e92c-445f-a20f-67bf5858aaa8,routledge.voting,available,978.6,978.6,medium,low,9,dynadot,,,28/09/2026 16:54
e96bb568-a6e3-4f03-8ef5-6338b1179a68,termed.voting,available,1398,1448,medium,low,6,namecheap,,,19/09/2026 00:21
ebcfe66a-ca23-4d94-9486-bc7190f72c26,consultancy.voting,available,1398,1448,high,low,11,namecheap,,,02/10/2026 21:46
7df3af8a-19fb-479c-9593-18c92a30430f,anorak.voting,available,1398,1448,medium,low,6,namecheap,,,19/09/2026 11:41
cdc744a7-b3c8-42a1-9892-0b59c3f7f3ff,collaborator.voting,available,978.6,978.6,high,low,12,dynadot,,,30/09/2026 12:19
402162c1-c3ac-401d-b048-a67b94a06ac6,jessica.voting,available,1398,1448,high,low,7,namecheap,,,25/09/2026 18:08
6ffa0ced-1862-4921-ae5f-aa162d66f7b4,credentials.voting,available,1398,1448,high,low,11,namecheap,,,28/09/2026 08:17
5bd4ae18-8035-4991-9e63-4af426abdd4b,eyeshadow.voting,available,1398,1448,high,low,10,namecheap,,,
aee58dba-ca24-4ad0-847b-70f9638c123a,eggplant.voting,available,1398,1448,high,low,8,namecheap,,,21/09/2026 02:30
66b301a1-6280-4c2e-bdd5-f199d5d4d0d3,racer.voting,available,1398,1448,high,low,5,namecheap,,,21/09/2026 07:11
485c736f-d1bf-4c42-a29b-b2ba0aaa7b1e,neel.voting,available,1398,1448,medium,low,4,namecheap,,,01/10/2026 20:23
16ebeb95-5e40-42db-beef-8672301e3b7f,accessible.voting,available,1398,1448,high,low,10,namecheap,,,21/09/2026 15:38
275ac287-49af-4f0a-9d89-9d0970c86d73,dig.voting,available,1398,1448,high,low,3,namecheap,,,24/09/2026 23:51
2a252511-7e7a-4a34-9b11-aeeb9222ead0,skopje.voting,available,978.6,978.6,high,low,6,dynadot,,,30/09/2026 18:39
8531609f-c504-4256-82c7-d6af49f78323,heller.voting,available,1398,1448,medium,low,6,namecheap,,,28/09/2026 09:59
e1ee313c-eea2-45fa-ab7d-2e4899bf786d,dazzlingly.voting,available,1398,1448,medium,low,10,namecheap,,,14/09/2026 10:58
329d6933-812c-4457-a235-30868363b28c,horny.voting,available,1398,1448,high,low,5,namecheap,,,13/08/2026 01:41
5a6fa508-6251-486e-b035-24d4862dcbeb,misdirect.voting,available,1398,1448,medium,low,9,namecheap,,,13/08/2026 02:26
f7eb0292-4494-4adc-a98b-29e9f10e2e39,pedal.voting,available,1398,1448,high,low,5,namecheap,,,08/09/2026 12:17
6c69739f-8d38-4abf-b818-6fca74d08d92,schuyler.voting,available,1398,1448,high,low,8,namecheap,,,28/09/2026 04:05
8c36638f-ce31-42c2-91d7-294f9a44947d,ignacio.voting,available,1398,1448,medium,low,7,namecheap,,,28/09/2026 08:56
0124b0c2-6028-4189-9c8c-b547393e8e7a,mid.voting,available,1398,1448,high,low,3,namecheap,,,01/10/2026 03:57
e182b110-8948-4efe-9402-bec0f8155cb4,minto.voting,available,978.6,978.6,high,low,5,dynadot,,,02/10/2026 20:21
74f1c5b7-792f-4065-90cb-0b3965a5576d,altered.voting,available,1398,1448,high,low,7,namecheap,,,
1bd0bac4-ddd1-4095-a7a9-6280140a54cd,spartan.voting,available,1398,1448,high,low,7,namecheap,,,19/09/2026 16:49
a6e52782-a9e9-4aa8-ba60-e178ebf185f1,plumping.voting,available,1398,1448,medium,low,8,namecheap,,,08/09/2026 21:52
2e74e3aa-d10d-48b0-b252-48d65ed50d49,grouping.voting,available,1398,1448,high,low,8,namecheap,,,29/09/2026 21:36
ad11c95d-b27b-492f-ada7-a7208f63c047,acarus.voting,available,1398,1448,medium,low,6,namecheap,,,16/09/2026 21:38
02649940-1739-4e00-9028-8c68781f57ee,espouse.voting,available,1398,1448,high,low,7,namecheap,,,13/09/2026 09:39
3027e567-99e0-498d-a52c-ac366678a920,unifying.voting,available,1398,1448,high,low,8,namecheap,,,12/08/2026 22:44
7b180e80-5acf-41f5-ae1f-27a15496492d,flooded.voting,available,1398,1448,high,low,7,namecheap,,,08/08/2026 00:23
6da153ed-3575-4bcf-8c89-f912159bc4ea,sizable.voting,available,1398,1448,high,low,7,namecheap,,,20/08/2026 16:38
d0f57315-d6b1-48b1-9cd0-13a84bf6730d,settle.voting,available,1398,1448,high,low,6,namecheap,,,25/09/2026 10:17
bb6ed4c5-fc86-4045-9b7f-e85ff4f78ec2,studios.voting,available,1398,1448,medium,low,7,namecheap,,,18/09/2026 18:25
436b9b2a-84e3-45b3-9d92-a11898a5efd0,legalize.voting,available,1398,1448,high,low,8,namecheap,,,22/08/2026 23:05
6e0e3e0b-f2f6-40b8-9aef-c96686c37536,george.voting,available,1398,1448,high,medium,6,namecheap,,,25/09/2026 06:27
bf434bca-a920-4fa3-bbba-8f312969cd5e,oxalis.voting,available,1398,1448,medium,low,6,namecheap,,,10/09/2026 14:35
f6017ba8-a16a-48b9-9c31-1c02a838ce28,paw.voting,available,1398,1448,high,low,3,namecheap,,,30/09/2026 01:49
4c157556-573e-456a-8207-f325728e2157,beauties.voting,available,978.6,978.6,medium,low,8,dynadot,,,30/09/2026 23:49
18d87051-a65d-41ac-9b87-5828073658b4,skinner.voting,available,1398,1448,high,low,7,namecheap,,,21/09/2026 11:52
99f7dccb-d45a-4cc5-becb-3f1e469103c1,brac.voting,available,1398,1448,medium,low,4,namecheap,,,01/10/2026 23:52
8da82286-1c48-457a-89d9-507e0fdf4243,earns.voting,available,978.6,978.6,medium,low,5,dynadot,,,01/10/2026 18:15
c0e8669b-1f8e-45fa-a01f-023a69869279,defendant.voting,available,1398,1448,medium,low,9,namecheap,,,27/09/2026 03:41
c68c3a5c-3ebf-4071-84f5-087c2355be78,wayfaring.voting,available,1398,1448,medium,low,9,namecheap,,,13/09/2026 08:47
01d0e6e8-f21a-4dab-95ed-278730f919bd,inpatient.voting,available,1398,1448,medium,low,10,namecheap,,,20/09/2026 21:46
5ee3208b-b200-4b10-a148-ad03a774e0f0,allogeneic.voting,available,1398,1448,medium,low,10,namecheap,,,
3f9e2790-81ae-4df8-9634-a05fd2e37649,abbatial.voting,available,1398,1448,medium,low,8,namecheap,,,
fa6b365c-b08c-4feb-b503-11946d4d430c,neutered.voting,available,1398,1448,medium,low,8,namecheap,,,03/09/2026 16:35
1d251f42-6ec2-4e78-a2b2-2a34208240d6,chaff.voting,available,1398,1448,medium,low,5,namecheap,,,22/08/2026 13:50
300fae4c-50e3-4a54-96d1-2fd9b09418df,blacking.voting,available,1398,1448,medium,low,8,namecheap,,,24/09/2026 02:49
bbbe20a9-8e93-4136-91da-eaf69f070f5a,beeswax.voting,available,1398,1448,high,low,7,namecheap,,,23/09/2026 01:48
62e0d74f-9e24-4a72-8413-2bcbafa03380,discredit.voting,available,1398,1448,high,low,9,namecheap,,,29/09/2026 15:37
a39cc281-1390-4019-90b7-01a5567d6669,fop.voting,available,1599.99,1599.99,medium,low,3,name.com,,,13/08/2026 17:09
fd8e9ce2-ddb2-4094-a517-aa5a2ce6ccd3,groundless.voting,available,1398,1448,medium,low,10,namecheap,,,08/08/2026 21:49
d892ec18-ec74-4275-b8e1-54f8af397e92,invading.voting,available,1398,1448,medium,low,8,namecheap,,,22/08/2026 02:12
db4c5fb5-2353-4301-b9de-cfecf11485ef,detrimental.voting,available,978.6,978.6,medium,low,11,dynadot,,,02/10/2026 17:33
7f3333b8-a2a1-4a32-8ab4-c319ed2098df,python.voting,available,978.6,978.6,high,low,6,dynadot,,,29/09/2026 13:44
276bd5f9-05ba-4d69-81bf-fffa39bb1f87,nathalie.voting,available,978.6,978.6,medium,low,8,dynadot,,,02/10/2026 00:05
43265917-2e54-4d63-b75b-f206f1d7e020,arapaho.voting,available,1599.99,1599.99,medium,low,7,name.com,,,20/09/2026 00:08
b24beb53-dff2-4a89-bf7b-c1ad7edddc1d,boehme.voting,available,1398,1448,medium,low,6,namecheap,,,23/09/2026 03:32
ea46c4c4-ee0f-498b-a598-7b5f06d047f9,ounces.voting,available,1398,1448,medium,low,6,namecheap,,,16/09/2026 11:16
c1092bd6-590d-4b4d-bc39-53570828d434,stuttgart.voting,available,1398,1448,high,low,9,namecheap,,,25/09/2026 10:46
a67a348d-61f7-41fc-b386-c2abe6afb8a4,newcomers.voting,available,1398,1448,medium,low,9,namecheap,,,02/10/2026 03:04
c594f1fd-ca0c-4f40-ae30-398d13a09303,door.voting,available,1398,1448,high,low,4,namecheap,,,19/09/2026 10:21
381eebc7-df3a-4bb9-9fb6-351fe4648763,rang.voting,available,1448,,medium,low,4,namecheap,,,
876f10c5-1eaf-4249-825f-47557bb28072,haply.voting,available,1398,1448,medium,low,5,namecheap,,,14/09/2026 04:36
dad8ba71-4c35-4cb9-beb3-ebb4bf78c7c9,jocular.voting,available,1398,1448,medium,low,7,namecheap,,,22/08/2026 12:57
2fdf8b3c-4103-4587-81de-369d504eecf1,libertad.voting,available,978.6,978.6,high,low,8,dynadot,,,01/10/2026 23:36
f845c81b-378d-4f1f-b2df-0e75474d0994,asbestos.voting,available,1398,1448,high,low,8,namecheap,,,20/09/2026 12:54
bfd9da76-5b85-4ac5-8d35-770645074af9,aphakia.voting,available,1398,1448,medium,low,7,namecheap,,,19/09/2026 16:51
523cedf0-4a14-42a4-ba2e-bcdbda21807d,gatt.voting,available,1398,1448,medium,low,4,namecheap,,,30/09/2026 09:53
e353b288-34a2-4869-80cf-9904213601ed,tainted.voting,available,1398,1448,medium,low,7,namecheap,,,11/09/2026 07:12
2667bdfe-94b7-420e-953b-658d10004c25,backhoe.voting,available,1398,1448,high,low,7,namecheap,,,21/09/2026 15:37
2a24c902-a86c-41fd-bbdb-a0915921c9fd,aif.voting,available,978.6,978.6,medium,low,3,dynadot,,,02/10/2026 08:21
bae63990-faf7-43c7-bc53-251302b3627a,elephant.voting,available,1398,1448,high,low,8,namecheap,,,25/09/2026 22:36
56264686-cecd-4983-8b61-d01f7adc525c,alleviant.voting,available,1398,1448,high,low,9,namecheap,,,04/09/2026 23:46
01e1549a-c2db-4512-8aaf-a6e1d12a825c,blankly.voting,available,1398,1448,medium,low,7,namecheap,,,14/09/2026 00:13
21b49fd3-5a91-4da1-ae17-f3551f8007fe,ruffle.voting,available,1398,1448,high,low,6,namecheap,,,11/09/2026 05:07
aefe957f-c543-4456-9a54-b29b1d5cdd55,whilst.voting,available,1398,1448,medium,low,6,namecheap,,,01/10/2026 02:11
10716a05-1892-456d-99b0-3aaf55a407f5,alphabetical.voting,available,1398,1448,high,low,12,namecheap,,,30/09/2026 14:07
df3a7bad-9a3e-4015-9a85-ef49761994c8,amusive.voting,available,1398,1448,medium,low,7,namecheap,,,
bbfdadc7-8a31-4dfc-b1bf-c2207f6de334,tipsy.voting,available,1398,1448,high,low,5,namecheap,,,11/09/2026 15:38
76bf39af-5e07-4f17-8867-f0d46a2871cd,milk.voting,available,978.6,978.6,high,low,4,dynadot,,,29/09/2026 08:29
6f85a593-a7d5-47d2-9423-56cde7c8a224,appreciate.voting,available,1398,1448,high,low,10,namecheap,,,27/09/2026 06:44
2f27b7c1-0e16-44f8-b253-91558ab453a5,absorbing.voting,available,1398,1448,high,low,9,namecheap,,,21/09/2026 15:02
d40f9ad4-642e-42e2-91c5-98e17b02347e,radiantly.voting,available,1398,1448,medium,low,9,namecheap,,,15/09/2026 22:18
7718abb0-b5a6-4beb-8425-c7e4bb6223b9,cockle.voting,available,1398,1448,medium,low,6,namecheap,,,12/09/2026 08:38
0cd3e206-2689-49e2-b599-2d4c2ac2834b,capitals.voting,available,1398,1448,medium,low,8,namecheap,,,02/10/2026 02:45
6a747bc4-c1c7-465e-9b8a-f6124766837c,detergent.voting,available,1398,1448,high,low,9,namecheap,,,24/09/2026 07:32
c53e2997-d938-43fe-9993-1dd1494df33b,ias.voting,available,978.6,978.6,high,low,3,dynadot,,,29/09/2026 21:40
fcfe5394-7ace-437c-af53-13e33c71225e,kane.voting,available,1398,1448,high,low,4,namecheap,,,27/09/2026 07:59
fa684c90-2b51-4e8e-9de7-c33375a212ef,hertford.voting,available,978.6,978.6,medium,low,8,dynadot,,,29/09/2026 22:01
980586dc-35bf-4824-ba78-3b9c3a29368a,wiping.voting,available,978.6,978.6,high,low,6,dynadot,,,01/10/2026 06:02
cfcd6388-8c49-431a-bcd6-a63c81a17075,alexei.voting,available,978.6,978.6,high,low,6,dynadot,,,29/09/2026 10:07
9c19404b-07b7-4273-af35-43aed79f7e4d,bts.voting,available,978.6,978.6,high,low,3,dynadot,,,02/10/2026 10:48
ebae32f1-630f-4030-a4a6-3da49ad160f0,eindhoven.voting,available,1398,1448,medium,low,9,namecheap,,,30/09/2026 01:28
de19c60c-5b88-487e-b8ce-c4efe3b9d239,omani.voting,available,1398,1448,high,low,5,namecheap,,,04/09/2026 02:24
2b7184bd-7a0d-4d36-ac85-d00c0ee35695,breeder.voting,available,978.6,978.6,high,low,7,dynadot,,,01/10/2026 01:11
51a679a8-fdd3-4ce9-9ce5-5b5115513a74,potts.voting,available,978.6,978.6,medium,low,5,dynadot,,,28/09/2026 04:13
d9e1ebe0-2048-4c53-bb08-b196894c3886,classics.voting,available,1398,1448,high,low,8,namecheap,,,28/09/2026 13:44
f895992b-2ba3-4833-9381-9fefd83203d7,rarer.voting,available,1599.99,1599.99,medium,low,5,name.com,,,20/09/2026 08:12
cee07e91-68e9-4c83-a1a7-62a4baf3f9af,floppy.voting,available,1398,1448,high,low,6,namecheap,,,18/08/2026 08:51
bf0d4c76-ac9f-4f92-806c-47dc7e7845d1,comparisons.voting,available,1398,1448,medium,low,11,namecheap,,,02/10/2026 12:56
f5e3e6c0-dbfd-4d98-95be-5b005815bdb7,crackers.voting,available,1398,1448,medium,low,8,namecheap,,,06/08/2026 20:45
f80eb2f6-3c24-41ac-ab82-948b53d6b721,playaround.voting,available,1398,1448,medium,low,11,namecheap,,,17/09/2026 06:03
f32b205c-fbc8-40e6-b1c3-0ba3a5dcbf1e,nonexempt.voting,available,1398,1448,medium,low,9,namecheap,,,03/09/2026 19:09
8ffd2dfe-a0fb-4a12-8e95-33b1bed1795e,creole.voting,available,1398,1448,high,low,6,namecheap,,,13/08/2026 06:07
579e8cbd-99ab-4f60-b326-dd83fac9b064,demand.voting,available,1398,1448,high,low,6,namecheap,,,24/09/2026 15:48
79e0821b-b5d5-459f-93f8-93136d97b8fe,stoneless.voting,available,1398,1448,low,low,9,namecheap,,,10/09/2026 21:12
1a7a6ee2-d418-4f0b-a990-bd8b08aba09f,cluster.voting,available,1398,1448,high,low,7,namecheap,,,24/09/2026 11:12
ecd8bfae-672a-4ebc-ac3f-75940eda639e,champagne.voting,available,1398,1448,high,low,9,namecheap,,,23/09/2026 10:06
21f4bb2e-4c93-4d2d-8e58-6eeddbd61ce2,agamic.voting,available,1398,1448,medium,low,6,namecheap,,,
2a3f6fcd-0bd6-4f2d-80eb-d601e3209739,faye.voting,available,1398,1448,medium,low,4,namecheap,,,28/09/2026 13:31
8932c52b-37a6-4db2-ac2e-8df924914a0c,url.voting,available,1398,1448,high,medium,3,namecheap,,,28/09/2026 11:02
7063e60b-8414-4c25-9e72-26f8d4063b56,wolfgang.voting,available,1398,1448,high,low,8,namecheap,,,25/09/2026 15:09
42340a97-53a4-4c58-92aa-d6c62ec365c4,plainly.voting,available,1398,1448,high,low,7,namecheap,,,08/09/2026 20:28
48f90b0b-6a04-472e-b457-a5ad3a86198f,damask.voting,available,1599.99,1599.99,medium,low,6,name.com,,,13/08/2026 16:09
b73be93b-0a35-446b-b587-507b2024eb06,appoint.voting,available,1398,1448,high,low,7,namecheap,,,30/09/2026 15:13
c4a5344b-6534-40f9-8cb3-ea46fc0bfeb6,genial.voting,available,1398,1448,high,low,6,namecheap,,,21/09/2026 21:42
9d5b8b27-f297-4dd8-ab16-05a7ee7da3c8,contaminated.voting,available,1398,1448,medium,low,12,namecheap,,,01/10/2026 23:21
5101fb9d-92cb-4543-9d44-b92a396b890d,slew.voting,available,1398,1448,high,low,4,namecheap,,,25/08/2026 00:42
0ad987da-0fb0-4486-9493-e49b1e49e9fc,enlightened.voting,available,1398,1448,high,low,11,namecheap,,,29/09/2026 20:59
d19f3f97-1a94-43af-be86-ae3488b0bf8b,charmingly.voting,available,1398,1448,medium,low,10,namecheap,,,14/09/2026 06:21
02473139-7561-4681-ae13-82cd7a2a7758,ecg.voting,available,1398,1448,high,low,3,namecheap,,,30/09/2026 00:58
a9b15101-103d-4c37-a985-cb3f8e681d55,investigated.voting,available,1398,1448,medium,low,12,namecheap,,,29/09/2026 00:03
440d4887-cd8f-451c-b037-97c36a6257df,serial.voting,available,1398,1448,high,low,6,namecheap,,,21/08/2026 23:54
7a004397-669e-41a0-8af6-4286df765b14,gratitude.voting,available,1398,1448,high,low,9,namecheap,,,29/09/2026 21:31
0de0dd9f-0641-4c64-8c27-9fd21ccbca95,started.voting,available,1398,1448,medium,low,7,namecheap,,,18/09/2026 11:27
8e8cfff6-218e-4761-93b3-239bd8f6c0fd,sane.voting,available,1398,1448,high,low,4,namecheap,,,19/09/2026 15:46
2efaeb64-2523-4655-94e3-f651c9d49907,ici.voting,available,1398,1448,high,low,3,namecheap,,,30/09/2026 05:17
70d58f2f-707f-46d9-a4f7-b8f9f43d2573,steve.voting,available,1398,1448,high,medium,5,namecheap,,,25/09/2026 11:49
cdb15d21-2c54-4535-ae86-b7f4d4a34931,sheba.voting,available,1398,1448,medium,low,5,namecheap,,,01/10/2026 10:07
3a2bf9ee-5bb8-4f9d-8847-bf181bcba4c9,backbeat.voting,available,1398,1448,high,low,8,namecheap,,,21/09/2026 14:59
f5974b11-8660-43e1-81ca-faeaf4fc9b55,genesis.voting,available,978.6,978.6,high,medium,7,dynadot,,,29/09/2026 03:33
1308169e-5fad-4e6d-a163-f9e4fb2f2c1a,lounge.voting,available,1398,1448,high,low,6,namecheap,,,11/09/2026 08:25
b2dd53fc-62c4-450a-8567-415566b8c18b,charles.voting,available,1398,1448,high,medium,7,namecheap,,,29/09/2026 07:30
ce86488d-e18e-4405-b002-952f59091c74,hypothetical.voting,available,1398,1448,medium,low,12,namecheap,,,29/09/2026 02:54
3331d9c2-e9a6-4e7f-a92e-f66c04f2ed41,transient.voting,available,1398,1448,high,low,9,namecheap,,,24/09/2026 14:26
0b215a94-76d7-4e54-bc01-d84473d60916,alyssa.voting,available,978.6,978.6,high,low,6,dynadot,,,02/10/2026 19:34
3aad2253-c618-4352-8f02-624d155ac546,equid.voting,available,1398,1448,medium,low,5,namecheap,,,17/08/2026 11:47
0b45e468-aa0b-43bf-8733-03aa6af25276,moosewood.voting,available,1398,1448,medium,low,9,namecheap,,,16/09/2026 23:36
44616e56-9f78-4f47-a3d5-d8ad016651ad,biloxi.voting,available,1398,1448,high,low,6,namecheap,,,23/09/2026 16:52
65004df9-ee8d-4e8f-8630-73d86aea9cd8,ingredients.voting,available,1448,,high,low,11,namecheap,,,
1a4df059-667c-4c15-bce5-a7d9cbc5021d,crownless.voting,available,1398,1448,medium,low,9,namecheap,,,13/08/2026 08:38
a4772e0f-4348-4e23-8de4-98ea0f3c13cf,edi.voting,available,1398,1448,high,low,3,namecheap,,,30/09/2026 23:37
2f47d10b-a9a0-4ed5-b128-4d06d12934cf,canadians.voting,available,1398,1448,high,low,9,namecheap,,,29/09/2026 17:32
a46be65f-c587-4e15-a67a-e581320c165d,turku.voting,available,1398,1448,high,low,5,namecheap,,,30/09/2026 20:48
6e94ed01-2e82-456e-bc9b-d111dd1a0d79,incoherent.voting,available,1398,1448,medium,low,10,namecheap,,,22/08/2026 01:42
8c8609fa-88ca-4138-89a2-06c7a9d3765a,seepage.voting,available,1398,1448,medium,low,7,namecheap,,,04/09/2026 15:38
199422a7-7811-4064-b382-3e50d85e1620,property.voting,available,1398,1448,high,medium,8,namecheap,,,28/09/2026 23:13
9f22afda-8a0c-4ed8-8153-b187e6459dff,emerson.voting,available,1398,1448,high,low,7,namecheap,,,29/09/2026 00:47
33be0b0f-cc6c-4144-988c-28c5ebb505a1,shank.voting,available,978.6,978.6,medium,low,5,dynadot,,,01/10/2026 03:41
835d293b-f867-4a10-aca2-ca7a0d564691,disarray.voting,available,1398,1448,medium,low,8,namecheap,,,24/09/2026 17:15
c5f455db-b0eb-4cf8-9e7d-442fa9ca4474,underived.voting,available,1398,1448,medium,low,9,namecheap,,,12/09/2026 07:29
dc628e80-d448-4e95-a81c-49f15c6eba0d,spiritless.voting,available,1398,1448,medium,low,10,namecheap,,,10/09/2026 15:54
a9f0a415-2cc0-4644-8cd8-a75da4641409,mesoamerica.voting,available,978.6,978.6,medium,low,11,dynadot,,,01/10/2026 08:35
1054cba7-42af-4c0a-a772-3b1c4fc011eb,aris.voting,available,978.6,978.6,high,low,4,dynadot,,,30/09/2026 03:35
8e37d60c-73f5-4400-b620-431d98bb4c58,access.voting,available,1398,1448,high,medium,6,namecheap,,,19/09/2026 12:18
453476f7-b855-4246-99a0-67e04ada130b,ungodly.voting,available,1398,1448,medium,low,7,namecheap,,,22/08/2026 05:29
8ec96f2b-7481-4cde-be9e-1389b4ab034e,touchy.voting,available,1398,1448,medium,low,6,namecheap,,,21/08/2026 14:42
03d6fc19-d8bf-4dea-9d45-426b0948a505,hardback.voting,available,1398,1448,medium,low,8,namecheap,,,21/08/2026 00:40
be59409f-0c75-4e92-87e8-dd6bf48d8213,wanderer.voting,available,1398,1448,high,low,8,namecheap,,,23/09/2026 20:11
932c24b0-47e3-41ab-b833-9bf220d072d4,hunts.voting,available,978.6,978.6,medium,low,5,dynadot,,,01/10/2026 23:56
8649b89d-f02a-4272-a426-9e5646d4976c,ema.voting,available,1398,1448,high,low,3,namecheap,,,01/10/2026 16:52
7853cb12-39ef-4f92-9c84-90c31a4080b8,virgin.voting,available,1398,1448,high,medium,6,namecheap,,,13/09/2026 05:55
4445853f-2ac8-4354-babf-fc0a5d449af6,polska.voting,available,978.6,978.6,high,low,6,dynadot,,,02/10/2026 16:25
45126077-9888-4e9a-9838-338339d25490,bangalore.voting,available,1398,1448,high,low,9,namecheap,,,22/09/2026 01:45
6033e745-1c48-4c2d-a0fe-6805210c97c9,fresher.voting,available,1398,1448,high,low,7,namecheap,,,18/08/2026 15:22
47eb8c7e-aa18-4dd1-aae5-3407645394f2,aliraq.voting,available,1398,1448,medium,low,7,namecheap,,,18/09/2026 00:54
f04fc885-9bbc-42be-9fb6-d25854714329,slavery.voting,available,1398,1448,high,low,7,namecheap,,,10/09/2026 10:30
7da9c0ef-49d2-4c99-a360-1a462359334e,awful.voting,available,1398,1448,high,low,5,namecheap,,,22/09/2026 15:06
ff36a91c-2852-4f96-9b9b-ba01522884c3,multimedia.voting,available,978.6,978.6,high,low,10,dynadot,,,30/09/2026 02:20
33695c77-2b8d-4992-92b3-a5b795286403,bilirubin.voting,available,1398,1448,medium,low,9,namecheap,,,23/09/2026 15:56
5bac6a8d-5847-4474-8b02-b7cd1d9f19ff,msdos.voting,available,978.6,978.6,high,low,6,dynadot,,,02/10/2026 16:07
d00eb2f4-c043-4101-9057-96f25d315a07,apium.voting,available,1398,1448,medium,low,5,namecheap,,,19/09/2026 17:32
c8b7d712-af57-437b-aa38-7ec4bc2b5f75,marbles.voting,available,978.6,978.6,high,low,7,dynadot,,,29/09/2026 07:32
bd550aab-3254-45f7-9eca-b85a82bb94c8,dreamt.voting,available,1398,1448,high,low,6,namecheap,,,02/10/2026 21:17
cc67902d-9116-4d70-a909-0d3cc2585be9,counted.voting,available,1448,,medium,low,7,namecheap,,,
82957218-3e22-4c1b-b327-e482a83df264,yama.voting,available,978.6,978.6,high,low,4,dynadot,,,03/10/2026 02:22
5ad229dc-6af5-4379-92a1-ab6b1a4250f3,bout.voting,available,978.6,978.6,high,low,4,dynadot,,,28/09/2026 18:28
be0ffe4f-c20a-4745-a495-76dd0675cf5c,maths.voting,available,978.6,978.6,high,low,5,dynadot,,,30/09/2026 04:03
5c6824a3-f467-4c79-863b-ba9bda0b2782,retrieved.voting,available,1448,,medium,low,9,namecheap,,,
981cd54e-297a-4e2a-8cea-61de8aba2b6f,bitter.voting,available,1398,1448,high,low,6,namecheap,,,
a92c99ec-6953-4725-8223-3e2a146cd302,trailer.voting,available,1398,1448,high,low,7,namecheap,,,22/08/2026 18:43
3e5e67c2-287b-4f3d-b076-d9ada199fdef,days.voting,available,1398,1448,high,low,4,namecheap,,,29/09/2026 13:20
4f60097a-cf61-4081-9121-ec826aa90f21,lifelessly.voting,available,1599.99,1599.99,low,low,10,name.com,,,13/08/2026 19:35
27a591a8-4c1d-4fef-8169-cd081f64e741,uplift.voting,available,978.6,978.6,high,low,6,dynadot,,,01/10/2026 22:01
5253683d-403d-4ac0-ac31-5f4e3441d845,statewide.voting,available,1398,1448,high,low,9,namecheap,,,10/09/2026 19:10
6c6d60c3-79c0-4608-a78c-92c7e9081dd6,advancer.voting,available,1398,1448,high,low,8,namecheap,,,17/09/2026 10:28
c48e7dbf-22cc-4800-82f3-d361e767a7dc,roving.voting,available,1398,1448,high,low,6,namecheap,,,25/08/2026 02:22
c2c64f8f-229a-4fff-87ad-b8ef06649027,tropical.voting,available,1398,1448,high,low,8,namecheap,,,11/09/2026 20:24
0967b6e5-b110-4a34-a894-bf0091e0ad27,imperious.voting,available,1398,1448,medium,low,9,namecheap,,,21/08/2026 01:26
2a9ec8d2-d1f1-4657-bf84-202ede117b77,parks.voting,available,978.6,978.6,high,low,5,dynadot,,,30/09/2026 06:26
078e2d2f-1752-4152-a7d2-4d0c1e7245b4,klamath.voting,available,1398,1448,high,low,7,namecheap,,,28/09/2026 06:07
df7f46cb-e134-4841-aef1-f0fa3ed11115,wheezy.voting,available,1398,1448,medium,low,6,namecheap,,,07/08/2026 09:31
70321bab-1cd9-487f-b65b-248fa517cc2a,gorky.voting,available,1398,1448,high,low,5,namecheap,,,18/09/2026 05:08
c3b7704d-4479-4551-9070-d73a75bbf391,acned.voting,available,1398,1448,low,low,5,namecheap,,,
aa3089b0-04f9-4b3c-ae05-eb3c92096507,alienator.voting,available,1398,1448,medium,low,9,namecheap,,,18/09/2026 07:36
ed965a07-165d-444f-bc90-903094895197,bebop.voting,available,1599.99,1599.99,high,low,5,name.com,,,22/09/2026 22:33
a057b7c3-497c-46a4-a879-794bca8a80d0,billionaire.voting,available,1398,1448,high,low,11,namecheap,,,30/09/2026 03:33
936ffc5d-6f8c-4afa-9d83-fefad8321c3a,sublunary.voting,available,1398,1448,medium,low,9,namecheap,,,12/08/2026 08:28
851bfb3c-ce16-407d-8f92-4bc47168e5a4,timur.voting,available,1398,1448,medium,low,5,namecheap,,,30/09/2026 18:52
3eda62f7-e66d-4978-b1c0-8ea5c7168cff,ebullient.voting,available,1398,1448,high,low,9,namecheap,,,14/08/2026 23:20
2b13e126-65ea-42c0-819f-d049c9d8dda2,querier.voting,available,1398,1448,medium,low,7,namecheap,,,20/09/2026 14:26
197c7749-1a08-4ce8-a25a-f4a9b5692e4a,mohammed.voting,available,978.6,978.6,high,low,8,dynadot,,,30/09/2026 17:57
e8e2f98e-d4f7-43fa-8f5b-31785011ca81,spoilt.voting,available,1398,1448,medium,low,6,namecheap,,,10/08/2026 14:19
b3a92436-ee6f-4b25-922a-19218aa5b63b,sarajevo.voting,available,978.6,978.6,high,low,8,dynadot,,,28/09/2026 06:43
b2c68dd2-ca58-4475-9dba-d5ec6209e618,entertainer.voting,available,978.6,978.6,high,low,11,dynadot,,,29/09/2026 20:49
e9ede79a-7b75-4c00-9588-be6c783b490f,jot.voting,available,978.6,978.6,high,low,3,dynadot,,,30/09/2026 00:55
f3f6db15-a4cc-4574-bcea-1112a2c166ab,scots.voting,available,1398,1448,high,low,5,namecheap,,,09/09/2026 23:33
576a0bb8-deff-4249-92f3-5f3abd691cde,wears.voting,available,1398,1448,medium,low,5,namecheap,,,17/09/2026 10:43
6f0d7992-1b13-4f07-9242-8c24d4549b56,freeze.voting,available,1398,1448,medium,low,6,namecheap,,,25/09/2026 22:53
208b355a-b827-4b48-9b76-f687ddd6d38d,birdhouse.voting,available,1398,1448,high,low,9,namecheap,,,23/09/2026 20:39
7ae8a227-f366-4006-91cd-8c1ee76a6938,effulgent.voting,available,1398,1448,medium,low,9,namecheap,,,15/08/2026 16:23
5df02fd1-9604-4256-ae37-b248c02ea266,agrigento.voting,available,1398,1448,medium,low,9,namecheap,,,17/09/2026 02:44
ba27603d-5594-4446-aca9-fb8976fe20f1,virtual.voting,available,978.6,978.6,high,medium,7,dynadot,,,01/10/2026 02:51
00e3cf65-18a1-4668-864a-25809b4b545f,analects.voting,available,1398,1448,medium,low,8,namecheap,,,19/09/2026 01:48
f01ed13c-8c9b-4153-a406-97e80cb85060,methuen.voting,available,978.6,978.6,medium,low,7,dynadot,,,30/09/2026 14:06
9057dd24-a70c-4610-aa97-b6773815f15c,bountiful.voting,available,1398,1448,high,low,9,namecheap,,,09/08/2026 20:52
77dcd13b-1e19-49a1-8755-838066fa9980,saute.voting,available,1398,1448,high,low,5,namecheap,,,09/09/2026 22:00
66585d68-222b-485b-b08f-950424be1947,flashily.voting,available,1398,1448,medium,low,8,namecheap,,,14/09/2026 18:54
75eb1a01-afb9-4469-a8da-9a424112ea07,bookmark.voting,available,1398,1448,high,low,8,namecheap,,,24/09/2026 07:12
f6acd20d-299e-4b19-89ff-275d733e2e1e,corrupted.voting,available,1398,1448,medium,low,9,namecheap,,,23/09/2026 23:59
90724924-ec5f-4430-b1e4-c2c5dbab2d0b,project.voting,available,978.6,978.6,high,medium,7,dynadot,,,01/10/2026 17:40
42b9aabc-acae-402c-95fd-831428e9b407,luggage.voting,available,1398,1448,high,low,7,namecheap,,,29/09/2026 00:30
10f47051-254d-47c1-9425-9a15c53a366c,inversion.voting,available,1398,1448,high,low,9,namecheap,,,19/09/2026 03:24
d1577c5c-075b-4735-bd1f-f5968c5dd0f9,anyone.voting,available,1398,1448,high,low,6,namecheap,,,01/10/2026 00:39
52a48156-0928-4579-a9e5-6c3a538ef625,puny.voting,available,1398,1448,high,medium,4,namecheap,,,09/09/2026 06:06
5bbcc7f4-5162-4341-99ac-3208f8aac4d5,implicate.voting,available,978.6,978.6,high,low,9,dynadot,,,03/10/2026 02:34
6c4d1f54-3191-4969-bd2e-593d99b7e20b,christology.voting,available,1398,1448,medium,low,11,namecheap,,,02/10/2026 21:35
6fe6a932-96c2-4495-b6c4-0037795f50f6,voguish.voting,available,1398,1448,medium,low,7,namecheap,,,12/08/2026 04:42
d82d6562-d49b-44e9-a626-c705d843158b,shaped.voting,available,1398,1448,high,low,6,namecheap,,,25/08/2026 03:44
c255e54f-caa0-4398-ac7e-3e80623bf192,cleary.voting,available,978.6,978.6,high,low,6,dynadot,,,29/09/2026 15:01
96d64d94-fa2d-4cf3-9293-1ef590450e76,frances.voting,available,978.6,978.6,medium,low,7,dynadot,,,28/09/2026 11:53
f80efd6e-b77b-45c5-b3e0-a1480ce14b82,bingle.voting,available,1398,1448,medium,low,6,namecheap,,,19/09/2026 16:38
5c03ad9a-30b6-4975-ae6d-661ae4266e07,silvia.voting,available,978.6,978.6,medium,low,6,dynadot,,,29/09/2026 12:28
7bce94e8-00ca-49f1-bc4c-97612c74a8b4,bitten.voting,available,978.6,978.6,low,low,6,dynadot,,,29/09/2026 10:18
02758715-0d86-44de-9fe3-3d120eb48099,enrolled.voting,available,978.6,978.6,medium,low,8,dynadot,,,29/09/2026 10:33
91c13c54-9179-417f-9bcf-0b9d1467790d,upwards.voting,available,1398,1448,medium,low,7,namecheap,,,28/09/2026 09:52
60456ddd-3039-47e4-b810-36608c6d7b2f,negroid.voting,available,1398,1448,medium,low,7,namecheap,,,03/09/2026 15:14
5fb3b7c0-3fad-46ae-b645-89d4ceda30dc,peabody.voting,available,1398,1448,medium,low,7,namecheap,,,29/09/2026 00:46
17086050-5f8b-41c1-809d-4103aab71026,subordinate.voting,available,978.6,978.6,high,low,11,dynadot,,,30/09/2026 11:42
495bc1c2-249d-4b69-b980-dd771b63e22c,rockbound.voting,available,1398,1448,medium,low,9,namecheap,,,09/09/2026 18:10
32db47d5-0b60-4af9-b241-672b802f5175,rateable.voting,available,1398,1448,high,medium,8,namecheap,,,09/09/2026 10:32
36991739-24ea-477a-94a1-a1a5df4746f7,wreckage.voting,available,1398,1448,medium,low,8,namecheap,,,29/09/2026 08:20
2fbb9068-3aee-4a4e-b4fa-49ebaecdb67f,decency.voting,available,1398,1448,high,low,7,namecheap,,,29/09/2026 06:36
3eef6e54-4023-4c96-986b-b5e44c686195,fighter.voting,available,1398,1448,medium,low,7,namecheap,,,09/08/2026 13:34
0db10e86-25c5-4b19-9d97-23fd2ab57c91,snowball.voting,available,1398,1448,high,low,8,namecheap,,,16/09/2026 17:20
b5bf63e5-de4a-460c-a2d4-b6c95b0e7ff9,berth.voting,available,1398,1448,high,low,5,namecheap,,,23/09/2026 10:13
99efed45-3b69-41e8-8ea3-166eb89ce312,aquaphobia.voting,available,1398,1448,medium,low,10,namecheap,,,19/09/2026 22:59
bf83c8f9-36d7-41ef-8e63-46a2d3a0b2cc,autogyro.voting,available,1398,1448,medium,low,8,namecheap,,,21/09/2026 06:23
80b9f96b-4a41-4cf2-a6b4-d2d5ab1e32c4,straining.voting,available,1398,1448,medium,low,9,namecheap,,,10/09/2026 21:43
2a687db7-1f4b-45d0-b61e-ed0c3e83ff26,mic.voting,available,1398,1448,high,low,3,namecheap,,,30/09/2026 03:43
e67e79b4-59d5-4000-9f37-98507097e963,quits.voting,available,1398,1448,high,low,5,namecheap,,,09/09/2026 09:02
586a7ea8-4892-470a-b1a9-19d2fc9bd2a9,spikes.voting,available,978.6,978.6,high,low,6,dynadot,,,30/09/2026 07:14
12cb4747-691a-446e-a578-d6c5ea462176,steamed.voting,available,,,high,low,7,,,,
155c68ae-4f1f-4e23-b662-deb4eed259a2,supervising.voting,available,1398,1448,medium,low,11,namecheap,,,01/10/2026 00:08
92ad6473-a5e7-40da-9614-a7aae3441c48,quickly.voting,available,1398,1448,high,low,7,namecheap,,,27/09/2026 09:22
4b8d71fb-43b5-4c02-83c4-a9e25137d9ee,abrocome.voting,available,1599.99,1599.99,medium,low,8,name.com,,,16/09/2026 17:14
79cb41d9-739c-4951-b054-6d64cd8bed11,qat.voting,available,1398,1448,medium,low,3,namecheap,,,17/09/2026 15:24
7af6df1e-c282-4d57-8452-804e91991022,sentencing.voting,available,978.6,978.6,high,low,10,dynadot,,,29/09/2026 23:41
73c6b1db-2d87-442c-b7b4-89503d4db905,mixes.voting,available,978.6,978.6,medium,low,5,dynadot,,,01/10/2026 00:35
93e37146-be77-4b25-952d-e5ef027ae86c,alphabets.voting,available,1398,1448,medium,low,9,namecheap,,,01/10/2026 00:06
d2cf3322-d14a-4d52-b8ff-2bd4faec6db3,beguine.voting,available,1398,1448,medium,low,7,namecheap,,,23/09/2026 02:59
b734303c-5e60-4e2f-bdbc-5eb33996b26d,vendor.voting,available,978.6,978.6,high,low,6,dynadot,,,02/10/2026 05:34
f91ef51e-a1d8-40a3-890b-3bd6b17058e0,commencement.voting,available,978.6,978.6,high,low,12,dynadot,,,02/10/2026 01:17
b62d320d-50d4-4b8e-a0e9-d437a7cbc276,franciscan.voting,available,1398,1448,high,low,10,namecheap,,,18/08/2026 14:06
cdeb683a-6229-47a3-a0d3-abb3c8557a43,tastefully.voting,available,1398,1448,medium,low,10,namecheap,,,16/09/2026 07:59
14de2135-15a3-49e2-a0c1-99b581e6e080,guitarist.voting,available,978.6,978.6,high,low,9,dynadot,,,01/10/2026 02:21
beea6b90-ebaf-4666-8e0a-442cd80f59ec,clueless.voting,available,1398,1448,medium,low,8,namecheap,,,12/08/2026 13:05
42d3bc64-7590-4c8e-a1e4-d51ba1b5d21c,neapolitan.voting,available,1398,1448,medium,low,10,namecheap,,,03/09/2026 14:18
77f3a126-103c-4b9f-a913-2d79bf2c05b4,measured.voting,available,1398,1448,high,low,8,namecheap,,,11/08/2026 13:59
ec575a00-4ad3-4457-a3ff-de0882263ea2,avestan.voting,available,1398,1448,medium,low,7,namecheap,,,07/08/2026 23:07
73b2384f-3df4-4a01-89ba-8f2137309966,hips.voting,available,978.6,978.6,medium,low,4,dynadot,,,28/09/2026 22:48
bc138e1a-dbf3-4475-b467-2d6f82f8f294,resistive.voting,available,1398,1448,medium,low,9,namecheap,,,09/09/2026 15:23
46862440-8b7d-4772-ba31-f43c2bd50011,beans.voting,available,1448,,high,low,5,namecheap,,,
f9954f10-da43-4f76-83b3-c7b7cea8a4d0,remedy.voting,available,1398,1448,high,low,6,namecheap,,,13/08/2026 11:01
f320d45c-5036-4289-89bd-ea996429b9b6,grind.voting,available,1398,1448,high,low,5,namecheap,,,08/09/2026 21:20
0e410dee-5b3f-4685-9441-b438737cf5b6,chunk.voting,available,978.6,978.6,medium,low,5,dynadot,,,29/09/2026 06:21
5b0fa889-2b09-40c3-af04-1d18634c6727,gallon.voting,available,978.6,978.6,high,low,6,dynadot,,,29/09/2026 10:57
982b7874-1286-45b8-a10f-d4d56d85b83e,ampicillin.voting,available,1398,1448,medium,low,10,namecheap,,,18/09/2026 23:35
e1407d63-335c-4109-88eb-151fae04fd92,riot.voting,available,1398,1448,high,low,4,namecheap,,,24/09/2026 13:04
5d5bb5cf-49ee-4d81-b0ed-e4be00803d32,obscure.voting,available,1398,1448,high,low,7,namecheap,,,05/08/2026 21:59
86fada48-9981-4006-b6b4-3947a7454ea5,manners.voting,available,1398,1448,high,low,7,namecheap,,,27/09/2026 04:41
204d8c8a-78b4-4744-a228-84a8604568fc,luo.voting,available,1398,1448,high,low,3,namecheap,,,29/09/2026 07:30
59ac49d6-2bd1-4102-9ee4-103f6e6c2353,against.voting,available,1398,1448,medium,low,7,namecheap,,,30/09/2026 22:30
8f4281f4-f18f-40d3-89b8-7d2528d6a24f,adopted.voting,available,1398,1448,high,low,7,namecheap,,,
4b1d0540-bffb-43cd-8be7-2927405ddb5b,arrest.voting,available,1398,1448,high,low,6,namecheap,,,20/08/2026 22:54
93f2a38a-254f-4a32-9ec2-280773aa76db,triune.voting,available,1398,1448,medium,low,6,namecheap,,,11/09/2026 20:12
8fbfb9d1-5058-4b21-af23-65f3fc518187,adequately.voting,available,1398,1448,medium,low,10,namecheap,,,28/09/2026 11:47
e64612b9-526c-47b9-bda7-f31ff093afad,cosset.voting,available,1599.99,1599.99,high,low,6,name.com,,,21/09/2026 13:00
93c4a135-5650-408a-a257-eeaa754c96cc,blazonry.voting,available,1599.99,1599.99,medium,low,8,name.com,,,24/09/2026 05:06
6b486305-494d-44ba-b07c-b63096a65ec1,bubonic.voting,available,1398,1448,medium,low,7,namecheap,,,11/08/2026 07:26
36fd0d44-c4a8-4a79-be8a-a7930013deef,represented.voting,available,978.6,978.6,high,low,11,dynadot,,,03/10/2026 01:48
09df3ded-ceb3-4462-8f8d-00204751b40c,induced.voting,available,1398,1448,high,low,7,namecheap,,,22/08/2026 03:27
b9d575a6-bcb9-416b-b286-db228c229ff3,landes.voting,available,978.6,978.6,medium,low,6,dynadot,,,01/10/2026 09:42
ac74e18b-622e-4759-8ddf-fb0301c445e5,thawing.voting,available,1398,1448,medium,low,7,namecheap,,,24/08/2026 19:47
88fa361d-630d-4213-bfae-48c1fef18915,norma.voting,available,978.6,978.6,high,low,5,dynadot,,,28/09/2026 14:58
05f0cc64-8c98-44ea-b1a5-72fabd5d4264,strapless.voting,available,1398,1448,high,low,9,namecheap,,,10/09/2026 21:55
108048f7-d598-4087-b49c-0b1c2fc4d9f4,formicary.voting,available,1398,1448,medium,low,9,namecheap,,,19/09/2026 13:26
d2ccc27a-de1a-4aed-9c6b-20b3fcf26887,week.voting,available,1398,1448,high,low,4,namecheap,,,29/09/2026 05:49
7231c5e0-6d72-419a-b369-7784635cc81a,haley.voting,available,1398,1448,high,low,5,namecheap,,,18/09/2026 05:45
ac276cda-0b9b-4a67-b198-83e42a2c130d,copesetic.voting,available,1398,1448,medium,low,9,namecheap,,,13/08/2026 00:22
ad8ebd59-d96a-460d-8e00-4ec02e2011af,waxed.voting,available,1398,1448,high,low,5,namecheap,,,13/09/2026 08:40
9d57ddaf-0615-470c-8292-6ace679d9069,mfr.voting,available,978.6,978.6,high,low,3,dynadot,,,01/10/2026 07:03
ffee8a69-5660-4de3-892c-5ce2ce89dd67,serpent.voting,available,978.6,978.6,medium,low,7,dynadot,,,29/09/2026 01:45
a02edfec-4f45-4444-ab09-447bc1a75192,collingwood.voting,available,1398,1448,medium,low,11,namecheap,,,28/09/2026 12:17
1e130fea-9bd5-4aac-b7b6-a41cbbdb7c22,creation.voting,available,978.6,978.6,high,low,8,dynadot,,,03/10/2026 04:02
a32e6c72-ba2c-4564-9c68-6eacf8967fa5,lifelike.voting,available,1398,1448,high,low,8,namecheap,,,23/08/2026 01:41
afdb47e2-e355-4d21-ae55-66caaac4a96a,lin.voting,available,978.6,978.6,high,low,3,dynadot,,,28/09/2026 10:15
cf70ae7e-0522-49aa-8159-af35aeba73ea,alder.voting,available,1398,1448,high,low,5,namecheap,,,18/09/2026 04:26
e007637c-f5c0-48d2-a699-111b8bde9446,pandemic.voting,available,1398,1448,high,low,8,namecheap,,,05/09/2026 00:38
077209f7-1b17-4658-a9a2-b053e8bed40d,scrutiny.voting,available,978.6,978.6,high,low,8,dynadot,,,30/09/2026 01:34
a639e908-e25e-4a9d-a643-55d92714dcb5,harlan.voting,available,1398,1448,medium,low,6,namecheap,,,27/09/2026 08:13
0b96954a-ea22-4ffd-810a-eae5526d9067,bets.voting,available,978.6,978.6,high,low,4,dynadot,,,02/10/2026 13:49
948ddc3a-698f-4181-b560-9b7069216924,nanny.voting,available,978.6,978.6,medium,low,5,dynadot,,,28/09/2026 10:30
d3da95e0-c554-4323-ba4f-03ee401c3e74,narrow.voting,available,1398,1448,high,low,6,namecheap,,,03/09/2026 13:22
38d170fb-abf4-4c0c-bbe4-758affd1c566,herds.voting,available,1398,1448,medium,low,5,namecheap,,,19/09/2026 20:40
2d4e9989-3265-4196-b67e-5a455b305b1f,childcare.voting,available,1398,1448,high,low,10,namecheap,,,24/09/2026 14:36
f05504ed-3390-4175-b5ae-0bc0ec8c1925,konrad.voting,available,1398,1448,medium,low,6,namecheap,,,28/09/2026 12:53
7272ceca-e4f5-4789-92e3-45c893154e37,zaftig.voting,available,1398,1448,medium,low,6,namecheap,,,13/09/2026 14:56
6ccf3e3a-f5e2-4c84-bcc6-2f876c5854f3,fierce.voting,available,1398,1448,high,low,6,namecheap,,,23/09/2026 01:48
28289f5e-f01c-47c4-afbe-e33aa77b04ba,quiescent.voting,available,1398,1448,medium,low,9,namecheap,,,09/09/2026 08:47
999cd9bb-3693-4bb0-9755-c934baf53e8b,defiantly.voting,available,1398,1448,medium,low,9,namecheap,,,14/09/2026 08:33
3540bf6a-9682-4eb8-93f9-8bce8b04babb,works.voting,available,1398,1448,high,low,5,namecheap,,,24/09/2026 21:13
c6c76022-ede7-499b-baec-704983e6cfee,views.voting,available,1398,1448,high,low,5,namecheap,,,16/09/2026 22:00
71685051-545f-4f85-9165-572bc1f63812,briskly.voting,available,1398,1448,medium,low,7,namecheap,,,14/09/2026 01:33
bbf2b66c-edd4-44a0-a413-fcfc594089fa,elbows.voting,available,978.6,978.6,low,low,6,dynadot,,,01/10/2026 17:38
8a8135f1-f287-4d62-9490-a730aa522981,bodyguards.voting,available,978.6,978.6,low,low,10,dynadot,,,02/10/2026 13:10
8b80e740-66b8-451a-a485-e6e64d437f5d,photoshop.voting,available,1398,1448,high,medium,9,namecheap,,,30/09/2026 03:45
ecc83eeb-8974-4a0f-8684-f0c2e4c6eede,autogenic.voting,available,1398,1448,medium,low,9,namecheap,,,07/08/2026 20:21
a5411620-181c-4715-b5ab-68461261c7c0,calorific.voting,available,1398,1448,medium,low,9,namecheap,,,11/08/2026 15:12
c80bec8c-d4d3-4928-9335-6fd84a5fa757,fulda.voting,available,1398,1448,high,low,5,namecheap,,,02/10/2026 20:14
c5e5e55a-4ea4-46a1-aeb2-c2ada7f9430a,skulls.voting,available,1398,1448,medium,low,6,namecheap,,,20/09/2026 10:31
3a6b5a69-f041-4a83-9f24-4cc04817d624,crazed.voting,available,1398,1448,medium,low,6,namecheap,,,13/08/2026 05:31
d741d77b-c413-4680-8d97-cfdb0de9707f,energetic.voting,available,1398,1448,high,low,9,namecheap,,,17/08/2026 05:58
225b179e-12eb-4b2c-8ad2-9e04fcbd78bf,impressive.voting,available,1398,1448,high,low,10,namecheap,,,21/08/2026 23:04
a3a9e61c-e773-410b-bc1f-ff5c3160c23d,fashioned.voting,available,1398,1448,high,low,9,namecheap,,,17/08/2026 23:02
0e6896aa-3948-4e2d-97c1-f1c098d4d048,ago.voting,available,1398,1448,high,low,3,namecheap,,,21/09/2026 23:15
478e8192-2300-4ad4-b914-e0ceccbb64e7,nicholson.voting,available,1398,1448,high,low,9,namecheap,,,25/09/2026 15:56
6895bd68-286d-4367-8b7d-7ee088646b4f,multinational.voting,available,1398,1448,medium,low,13,namecheap,,,01/10/2026 05:37
dc53230d-4f3e-48dd-bffb-6a52670a4fe8,optimized.voting,available,1398,1448,high,low,9,namecheap,,,27/09/2026 22:29
5142c909-325d-4566-8e26-a20349586bbe,upraised.voting,available,1398,1448,high,low,8,namecheap,,,23/08/2026 01:53
da93b4c1-cad5-436b-b8b2-ecf6cead06d5,recumbent.voting,available,1398,1448,medium,low,9,namecheap,,,
1c306890-5186-42d1-8fc5-3ebc5007ca60,dromedary.voting,available,1398,1448,medium,low,9,namecheap,,,19/09/2026 23:32
b9bd8447-2eb2-4290-8862-b971020ef7c4,shore.voting,available,,,high,low,5,,,,26/09/2026 00:07
a5872a21-e63c-4120-a5ee-b5a0bbd70cf1,highly.voting,available,978.6,978.6,medium,low,6,dynadot,,,28/09/2026 14:51
32e4d63a-2f30-45ec-8ce7-bfaf00d3557c,jeans.voting,available,978.6,978.6,medium,low,5,dynadot,,,28/09/2026 12:09
f4f4dc42-6e80-469a-9c3e-b1a8c328f550,given.voting,available,1398,1448,high,low,5,namecheap,,,24/09/2026 22:16
72de5538-49d2-4884-8b3b-5983289a2455,became.voting,available,1448,,medium,low,6,namecheap,,,
3191b385-cd8e-45dc-9084-43e83401c1d5,uninterrupted.voting,available,978.6,978.6,medium,low,13,dynadot,,,01/10/2026 06:00
12c6dc25-de6f-4e6b-b44a-ea57e0fd5c0b,bilge.voting,available,1398,1448,medium,low,5,namecheap,,,23/09/2026 15:50
55933680-d7b0-4361-b207-f6c552d9772d,precocious.voting,available,1398,1448,high,medium,10,namecheap,,,09/09/2026 01:16
1cd40d7f-f7f9-429e-aa8b-8bd4a150a2d5,velvet.voting,available,1398,1448,high,low,6,namecheap,,,28/09/2026 10:12
c4c3ac25-d39c-46f7-966c-dcd382d54e3f,britannic.voting,available,1398,1448,medium,low,9,namecheap,,,11/08/2026 04:44
5676eedf-f0fe-4733-9aa2-058d3c3c6faf,adrenal.voting,available,1398,1448,high,low,7,namecheap,,,
5d302a88-dbdd-4d48-a6a2-2a287d5b9e02,tires.voting,available,1398,1448,medium,low,5,namecheap,,,27/09/2026 10:07
2641d381-fbe4-4fbf-bc7c-3ccdec754736,avatar.voting,available,1398,1448,high,high,6,namecheap,,,21/09/2026 08:49
c5025277-40a6-4747-8043-bd8b95df3133,harmonica.voting,available,978.6,978.6,high,low,9,dynadot,,,01/10/2026 02:25
4e298d05-5d5a-4e77-a442-60e41c504a76,hodder.voting,available,1398,1448,medium,low,6,namecheap,,,02/10/2026 07:49
fd67752f-6a45-44a2-90ad-0bdc32742c99,hive.voting,available,1398,1448,high,medium,4,namecheap,,,30/09/2026 01:53
6892aa93-5ac9-4326-ad7f-8d0ff9f1c47c,risky.voting,available,1398,1448,medium,low,5,namecheap,,,21/08/2026 01:43
7c2b186b-1d7f-4295-86e0-a5e0f69e5fb4,officious.voting,available,1398,1448,medium,low,9,namecheap,,,11/08/2026 11:26
29614688-b1d0-43cd-ab8c-fdd362604591,furnace.voting,available,978.6,978.6,high,low,7,dynadot,,,28/09/2026 19:17
7132e288-268a-4e98-9343-e42dfad71136,maturation.voting,available,1398,1448,high,low,10,namecheap,,,20/08/2026 20:27
7e1d1b74-9d2c-43e3-ba14-68055d4bc610,constructing.voting,available,1398,1448,high,low,12,namecheap,,,01/10/2026 22:46
dbc7f07a-99c5-40a2-bf32-221e31ce0934,blende.voting,available,1599.99,1599.99,medium,low,6,name.com,,,24/09/2026 05:43
56473194-2e5b-401d-b74d-e077f1b62577,mysticism.voting,available,1398,1448,medium,low,9,namecheap,,,03/10/2026 01:41
e64e40aa-69e1-4e72-a00f-2762462e2b38,mystified.voting,available,1398,1448,medium,low,9,namecheap,,,24/08/2026 21:32
ca74bdbb-046e-41bc-b4bc-a01a13e41517,enclosed.voting,available,1398,1448,high,low,8,namecheap,,,16/08/2026 22:21
e4f9f126-3eac-418a-a469-9f8359b33087,adoringly.voting,available,1398,1448,medium,low,9,namecheap,,,13/09/2026 17:23
3d543038-5d1e-4214-981d-53b4231cbe42,dignitary.voting,available,978.6,978.6,high,low,9,dynadot,,,29/09/2026 14:54
d336803e-35e3-461a-a9d1-f3732b08e3d2,electronic.voting,available,1398,1448,high,low,10,namecheap,,,19/09/2026 14:31
b4e99689-36b0-453d-beef-314cc578ce04,manitowoc.voting,available,1398,1448,medium,low,9,namecheap,,,01/10/2026 11:51
7d86baf8-0ec4-4abb-af83-f935538f5ab9,bmdo.voting,available,1398,1448,medium,low,4,namecheap,,,21/09/2026 22:57
22f418bd-e415-4c75-8c31-9136ef76fadd,tipple.voting,available,1398,1448,medium,low,6,namecheap,,,23/09/2026 12:44
f3d27bb6-0c31-480a-aac6-69c9997a15ca,race.voting,available,1398,1448,high,low,4,namecheap,,,27/09/2026 17:26
3019b640-97e0-4e41-bb8f-f71f045fc873,blasted.voting,available,1398,1448,medium,low,7,namecheap,,,10/08/2026 12:35
3c0f6aaf-2b67-4714-9147-f46cdfe0380e,extensive.voting,available,1398,1448,high,low,9,namecheap,,,
a2daac05-fb85-4d73-a1d8-85681afdc312,tradition.voting,available,978.6,978.6,high,low,9,dynadot,,,30/09/2026 13:45
fa8c1ce7-1e92-4fe3-8738-4ecbb0d3811a,gold.voting,available,1398,1448,high,medium,4,namecheap,,,22/09/2026 03:56
c2f5f778-38b8-4065-aa0a-ca9f6dc5f6c2,restraining.voting,available,1398,1448,medium,low,11,namecheap,,,29/09/2026 03:20
7fc108fa-f948-4f6e-a676-f70b200d9b51,haute.voting,available,978.6,978.6,high,low,5,dynadot,,,02/10/2026 17:29
aac3c597-fd89-4c57-9fd4-7a056c0be465,grisly.voting,available,1398,1448,medium,low,6,namecheap,,,18/08/2026 23:15
04033bac-606c-4a6c-a3a8-59d257bc7f45,stairway.voting,available,1398,1448,high,low,8,namecheap,,,29/09/2026 08:07
ad8c0676-ebfe-4a04-8b7f-a2b0c1963f19,judged.voting,available,1398,1448,low,low,6,namecheap,,,28/09/2026 12:50
f05c11e3-5fb7-49f9-bd3e-99861203e117,reputable.voting,available,1398,1448,high,low,9,namecheap,,,09/09/2026 14:45
712426ac-7f94-47a1-b9eb-91712540744a,gaudi.voting,available,1398,1448,medium,low,5,namecheap,,,19/09/2026 15:36
5c15c74c-665c-4457-8185-d92c05acc714,musicians.voting,available,978.6,978.6,medium,low,9,dynadot,,,28/09/2026 17:31
f5da1731-cb50-461f-bbc2-4ec760c4ff3e,zuckerman.voting,available,1398,1448,medium,low,9,namecheap,,,02/10/2026 00:34
08f5f891-4a71-409e-86dd-834da9336740,derby.voting,available,1398,1448,high,low,5,namecheap,,,29/09/2026 06:08
af3210b4-e298-44ec-9afc-d8a94a44c46e,antics.voting,available,1398,1448,medium,low,6,namecheap,,,02/10/2026 12:58
49adbcf7-58af-440f-9dd3-0770904b987d,styles.voting,available,978.6,978.6,high,low,6,dynadot,,,28/09/2026 22:23
5efb554b-0045-4458-a112-63aa79bb6db7,preteen.voting,available,1398,1448,high,medium,7,namecheap,,,09/09/2026 01:08
554645f6-1c2c-4f11-bb31-c80cbfbaec9e,erstwhile.voting,available,1398,1448,medium,low,9,namecheap,,,17/08/2026 13:05
0d3c1852-ed32-49f9-aa4d-2880bc561b32,bowed.voting,available,1398,1448,medium,low,5,namecheap,,,06/08/2026 14:55
3e762b70-95df-403e-bc13-cd35fccf8f7b,synopsis.voting,available,978.6,978.6,high,low,8,dynadot,,,01/10/2026 21:21
d0b783f3-2300-4bf6-8235-9b27aae83017,atoll.voting,available,1398,1448,high,low,5,namecheap,,,20/09/2026 21:52
da123d94-469e-46e3-b123-f4b37347647e,crotch.voting,available,1398,1448,medium,low,6,namecheap,,,24/09/2026 19:42
df1ae6ed-adb4-4c26-858b-c27e694b89b2,calmly.voting,available,1398,1448,high,low,6,namecheap,,,14/09/2026 05:04
fe2e9a46-ce59-44f6-8fff-9461a1033d42,approaching.voting,available,1398,1448,high,low,11,namecheap,,,25/09/2026 11:21
7ce9baa9-26e7-4843-83a6-a5741bb2facc,reaper.voting,available,1398,1448,high,low,6,namecheap,,,30/09/2026 17:30
a4a5efda-677a-42c8-b663-11666a87199a,microscope.voting,available,1398,1448,high,low,10,namecheap,,,28/09/2026 19:53
4527c248-4cf1-4203-a92b-c6c86d820baf,written.voting,available,1398,1448,high,low,7,namecheap,,,27/09/2026 18:44
b79cd8fb-c11a-4c17-a435-7c01bca7cffb,dances.voting,available,1448,,high,low,6,namecheap,,,
89ec8b0b-3679-4adf-b204-af67683efa3d,barefoot.voting,available,1398,1448,medium,low,8,namecheap,,,08/08/2026 18:54
db89d9ac-2592-4541-9c28-e177af0f7567,saucer.voting,available,978.6,978.6,high,low,6,dynadot,,,29/09/2026 15:53
ec95333f-9ae8-4c4f-a1dd-d488e7613412,protozoan.voting,available,1398,1448,medium,low,9,namecheap,,,09/09/2026 04:12
20b25836-3523-4c3b-9915-5efa9ccd2bf5,balas.voting,available,1398,1448,medium,low,5,namecheap,,,21/09/2026 21:07
dc06d442-4d91-44ab-bf23-a8d42ee7ebe0,diffusely.voting,available,1398,1448,medium,low,9,namecheap,,,14/09/2026 12:36
3ac6f8dc-0c80-4bca-9a8b-556de31ad8ef,miz.voting,available,1398,1448,high,low,3,namecheap,,,01/10/2026 23:06
15a8542c-d5d0-47f5-b337-e4a2a03846ea,wannabee.voting,available,1398,1448,medium,low,8,namecheap,,,07/08/2026 05:22
d9af0f31-cbb3-4271-8d68-edc9f723fbd0,corinthian.voting,available,1398,1448,high,low,10,namecheap,,,13/08/2026 01:16
66ff6b35-e6fe-46d2-bbe7-fc5bf306153c,gromyko.voting,available,1398,1448,medium,low,7,namecheap,,,19/09/2026 04:28
dc84a0a1-6c08-4650-b610-31aa305d2c9f,kilometer.voting,available,1398,1448,high,low,9,namecheap,,,30/09/2026 01:33
01931e83-d828-4666-9c72-46ebde643bba,angolan.voting,available,1398,1448,high,low,7,namecheap,,,
a28fdfad-93bb-4c37-b7e9-eba8dae2c139,cae.voting,available,1398,1448,high,low,3,namecheap,,,03/10/2026 04:00
88b623ee-a4d3-4890-95c4-b530767080ba,bartley.voting,available,1398,1448,medium,low,7,namecheap,,,30/09/2026 21:53
be293a4e-c13c-4112-a021-e290d3193d70,balbriggan.voting,available,1398,1448,medium,low,10,namecheap,,,21/09/2026 21:25
91134d20-3dec-4dda-8000-bd1d21975f67,conquest.voting,available,1398,1448,high,low,8,namecheap,,,29/09/2026 11:03
4cebdca5-c3f1-4a26-a981-4afd8b9b513a,hopping.voting,available,1398,1448,medium,low,7,namecheap,,,01/10/2026 05:32
80223da5-bc90-4913-a7a4-72c243af9682,obstacles.voting,available,1398,1448,low,low,9,namecheap,,,29/09/2026 05:04
58cc6548-f4ea-40b4-a8b0-4bc184daa142,roche.voting,available,1398,1448,high,low,5,namecheap,,,02/10/2026 18:03
7b082214-f0fc-457d-bd84-764f6242b199,dining.voting,available,978.6,978.6,high,low,6,dynadot,,,29/09/2026 15:00
cef9603e-dc1d-442a-af60-cf2f1e35a170,sabbatical.voting,available,1398,1448,high,low,10,namecheap,,,09/09/2026 20:30
1850f886-f95f-4237-bf62-a8ce8353410c,drs.voting,available,978.6,978.6,medium,low,3,dynadot,,,28/09/2026 22:08
c51c1c99-4b60-4960-9d46-215b23e8a71c,hawk.voting,available,1398,1448,high,low,4,namecheap,,,28/09/2026 02:04
436ceec8-43b6-47f2-811d-f4ec684d5652,lash.voting,available,1398,1448,high,low,4,namecheap,,,30/09/2026 17:16
0e6c3dfc-0608-4c25-89d2-dbae764bc079,temperatures.voting,available,1398,1448,medium,low,12,namecheap,,,29/09/2026 10:24
38082229-64b8-4c92-8f0f-ac5fabaa3271,frenzied.voting,available,1398,1448,medium,low,8,namecheap,,,18/08/2026 14:21
5f663946-06ed-4e93-86b2-6269aabc16cc,mlb.voting,available,1398,1448,high,medium,3,namecheap,,,29/09/2026 09:28
7b5079ae-eb4c-4001-b61a-f55624436473,paleozoic.voting,available,1398,1448,medium,low,9,namecheap,,,04/09/2026 23:39
2400a4c6-f452-46ac-8147-9e139207479f,willowy.voting,available,1398,1448,medium,low,7,namecheap,,,20/08/2026 17:31
da6dd199-d05b-4996-937b-c08034ed3040,kemp.voting,available,1398,1448,medium,low,4,namecheap,,,29/09/2026 02:56
1a59178e-1df3-4b5b-9d27-f054323a5d3e,maudlin.voting,available,1398,1448,medium,low,7,namecheap,,,09/08/2026 00:42
77d21503-f815-4ab1-88aa-40938f1768b0,horseback.voting,available,1398,1448,high,low,9,namecheap,,,21/09/2026 23:38
9388d166-6ce7-424a-ab36-4d99218f2d4c,belittling.voting,available,1398,1448,medium,low,10,namecheap,,,09/08/2026 13:10
bc08d9c3-52e8-4f5d-8e89-e8562ac1b548,concave.voting,available,1398,1448,high,low,7,namecheap,,,12/08/2026 19:50
b265a36b-fcc0-4427-8b7a-4726997e13be,calvinist.voting,available,1398,1448,high,low,9,namecheap,,,11/08/2026 15:24
0618f998-242d-487f-9b20-7ebb8a7678dc,eon.voting,available,1398,1448,high,low,3,namecheap,,,17/09/2026 12:38
c01d6786-a2e8-45de-ad63-8ea165a132ac,replica.voting,available,1398,1448,high,low,7,namecheap,,,29/09/2026 20:10
fbe16bcd-3214-4e98-b83d-ba9401143719,beauvoir.voting,available,1398,1448,high,low,8,namecheap,,,22/09/2026 22:24
be9f8100-8a53-43f9-a551-f808d9d55449,arenaria.voting,available,1398,1448,medium,low,8,namecheap,,,20/09/2026 03:39
80b3f4ee-154b-401c-9986-76169007704f,handmade.voting,available,1398,1448,high,low,8,namecheap,,,20/08/2026 23:06
4922e6f8-1496-49f5-8130-f99c517bedb8,rosenblatt.voting,available,978.6,978.6,medium,low,10,dynadot,,,02/10/2026 20:35
c23f64aa-1723-4a3e-8d2c-15769a1f8957,passel.voting,available,1398,1448,medium,low,6,namecheap,,,25/08/2026 00:35
dc6e7cbe-b8d2-4413-888d-cf74c2afa0a2,paging.voting,available,978.6,978.6,high,low,6,dynadot,,,01/10/2026 19:37
c99d2797-a189-43d5-8d12-132db9cde42a,deformed.voting,available,1398,1448,medium,low,8,namecheap,,,13/08/2026 23:37
82fdc56c-6869-493d-9f2f-13737260ac49,finite.voting,available,1398,1448,high,low,6,namecheap,,,18/08/2026 05:02
dcd22314-d065-419b-8214-db37c4568df1,ketonemia.voting,available,1398,1448,medium,low,9,namecheap,,,17/09/2026 00:10
01e74ce3-0cc7-47f6-ab9b-afa3a743303f,arles.voting,available,1398,1448,medium,low,5,namecheap,,,20/09/2026 06:15
dcf622ad-b90c-43b7-86f0-1c68fb5bda44,dotted.voting,available,1599.99,1599.99,medium,low,6,name.com,,,13/08/2026 18:28
ac36a384-fddd-4164-8de9-a0d0ae335dac,relies.voting,available,1398,1448,medium,low,6,namecheap,,,20/09/2026 06:27
c9356247-dbab-47d8-b3c6-5081382867c7,castles.voting,available,978.6,978.6,medium,low,7,dynadot,,,30/09/2026 15:30
91897818-1583-4f79-ade7-d03b94848979,downfall.voting,available,1398,1448,medium,low,8,namecheap,,,24/09/2026 23:39
47005050-6b6d-482a-8021-660590311f31,saccade.voting,available,1398,1448,medium,low,7,namecheap,,,22/08/2026 12:47
950ba257-363c-46e8-8e72-47264194bc1f,seminar.voting,available,978.6,978.6,high,low,7,dynadot,,,28/09/2026 06:44
8eb6d184-554f-42fa-a575-046f86536a59,trolley.voting,available,1398,1448,high,low,7,namecheap,,,29/09/2026 14:00
228958c1-abfc-4270-b559-1291027f1a26,curse.voting,available,1398,1448,high,low,5,namecheap,,,24/09/2026 04:27
d46cd7d0-fd43-4393-9aed-e9f8435f02aa,huddle.voting,available,1398,1448,high,low,6,namecheap,,,02/10/2026 05:22
983dcd60-07ae-43ab-85a4-c6ed2c149f90,macmillan.voting,available,1398,1448,high,low,9,namecheap,,,25/09/2026 12:59
2e7b3cb9-9cf9-4ead-9f81-92ebf63e9e34,overnight.voting,available,978.6,978.6,high,low,9,dynadot,,,02/10/2026 11:11
90a63191-0ab6-48ae-9d72-56014cc1ec61,gliding.voting,available,1398,1448,high,medium,7,namecheap,,,10/09/2026 13:01
2681e229-d28e-4187-baee-76a7c4891b32,deafening.voting,available,1599.99,1599.99,medium,low,9,name.com,,,13/08/2026 19:54
e7364c78-d3fe-4776-b241-ebb0c80cc402,vila.voting,available,1398,1448,high,low,4,namecheap,,,24/09/2026 12:33
db2e0bd4-cc3a-49cc-b3e1-0bd0e7b5ff11,copley.voting,available,1398,1448,medium,low,6,namecheap,,,29/09/2026 11:58
b591b69c-4229-458d-a13a-27cc50ae6028,forwards.voting,available,1398,1448,high,low,8,namecheap,,,18/08/2026 12:49
400f46db-17f8-4438-bd91-0ec4af295072,automatically.voting,available,978.6,978.6,medium,low,13,dynadot,,,28/09/2026 07:07
64d7c9c5-259f-411c-a1ed-9e835f6e248b,appanage.voting,available,1398,1448,high,low,8,namecheap,,,19/09/2026 16:11
4948716b-2787-470b-9a68-f9732a0bb34c,pseud.voting,available,1398,1448,medium,low,5,namecheap,,,09/09/2026 05:04
d29ea283-2f4d-4ffa-813b-da20729ee267,recursive.voting,available,1398,1448,high,medium,9,namecheap,,,09/09/2026 12:05
8ec379a4-357b-4940-bff8-dd12f434f248,frighten.voting,available,1398,1448,medium,low,8,namecheap,,,17/09/2026 14:50
52921741-776f-45f0-8133-36e4c0ced587,outlandish.voting,available,1398,1448,medium,low,10,namecheap,,,10/08/2026 10:37
5cee7e37-74ef-4379-8582-70d1f7f53d35,fanatic.voting,available,1398,1448,high,low,7,namecheap,,,17/08/2026 21:49
267ec258-34a4-4045-a6df-06e78ee96599,baloney.voting,available,1398,1448,medium,low,7,namecheap,,,21/09/2026 23:43
0dac5ee5-53cc-4f9b-bc29-43c2b01d59a3,igor.voting,available,978.6,978.6,high,low,4,dynadot,,,28/09/2026 03:33
d33feed6-0ee6-4dfc-b565-ed32efa018d5,verse.voting,available,1398,1448,high,low,5,namecheap,,,30/09/2026 07:06
e3a1a47d-b8cf-4d2a-8771-a2cc17845ee6,circling.voting,available,1398,1448,high,low,8,namecheap,,,30/09/2026 07:20
7983ff97-5e57-4a98-960f-78af362cf5a2,lenient.voting,available,1398,1448,high,low,7,namecheap,,,22/08/2026 23:46
5e3dfde7-920e-40a7-9647-623d63253bba,caisson.voting,available,1398,1448,high,low,7,namecheap,,,18/09/2026 22:17
c6f418b5-e0e2-4853-8e60-469c2c407102,menus.voting,available,978.6,978.6,medium,low,5,dynadot,,,02/10/2026 12:11
2492b1fe-7f1a-46c9-ac7a-263d57af7d76,roundel.voting,available,1599.99,1599.99,medium,low,7,name.com,,,19/09/2026 11:05
68ecd647-7d99-4cdc-bb0b-d5b85a57407c,tha.voting,available,1398,1448,medium,low,3,namecheap,,,27/09/2026 06:52
2f732c56-dec7-4dae-80d0-4728298f1ef3,anthurium.voting,available,1398,1448,high,low,9,namecheap,,,19/09/2026 13:58
7525088c-0799-46bc-8ad1-6adf9e664079,characteristic.voting,available,1448,,high,low,14,namecheap,,,
3b7e9da2-f089-415e-a019-8025215f34c3,amory.voting,available,978.6,978.6,medium,low,5,dynadot,,,02/10/2026 00:25
e65e3ab0-4352-4157-9c42-bdd0de8a7f42,spill.voting,available,978.6,978.6,high,low,5,dynadot,,,27/09/2026 15:56
abaa79c7-ca19-4d77-a617-6fe377e90bca,bypass.voting,available,1398,1448,medium,low,6,namecheap,,,30/09/2026 14:25
93183788-0afc-4629-80e9-7233261f877b,serenely.voting,available,1398,1448,medium,low,8,namecheap,,,16/09/2026 01:06
792aa718-0b27-4764-80e6-1d24cdc3ab31,cuthbert.voting,available,1398,1448,medium,low,8,namecheap,,,29/09/2026 03:58
6b79a164-2919-4b3d-9e8c-fd79e7099afb,serviced.voting,available,1398,1448,medium,low,8,namecheap,,,01/10/2026 15:44
39730366-be5f-411e-8ed5-5c993b1947d9,expands.voting,available,978.6,978.6,medium,low,7,dynadot,,,02/10/2026 12:26
e4ea6836-ae5a-49da-9669-28e2dfeb8028,revolving.voting,available,1398,1448,high,low,9,namecheap,,,29/09/2026 14:43
6f7bb3ec-9592-4e4d-9c07-1d818d65f11a,spectral.voting,available,1398,1448,high,low,8,namecheap,,,06/08/2026 05:38
4b979c77-b2ba-4ac3-b930-433e8148bd56,rigour.voting,available,1398,1448,medium,low,6,namecheap,,,20/09/2026 14:57
ab6cecd1-8550-4531-a4fc-647cae4b500c,prioritize.voting,available,978.6,978.6,high,low,10,dynadot,,,30/09/2026 21:21
4d461d6b-9c48-44f0-8654-3677b2b25d34,dissent.voting,available,978.6,978.6,high,low,7,dynadot,,,29/09/2026 16:15
e2f15108-0762-4dda-beef-beb80f665456,alluvium.voting,available,1599.99,1599.99,medium,low,8,name.com,,,18/09/2026 12:20
77cf143b-ae57-4542-9427-03357c9556a7,maimonides.voting,available,1398,1448,medium,low,10,namecheap,,,29/09/2026 13:20
cec719d8-4b44-4f24-8031-9e5102cfe3ca,adolf.voting,available,978.6,978.6,medium,low,5,dynadot,,,29/09/2026 23:45
11a823fe-cbe5-4579-b2ee-c8f66b0125bb,gaa.voting,available,978.6,978.6,high,low,3,dynadot,,,29/09/2026 08:40
c97c9250-9c1c-45d4-af2e-a703bbfe6ca1,handful.voting,available,1398,1448,high,low,7,namecheap,,,28/09/2026 05:45
3fc8fca6-a5f3-44da-98b5-da01680fa324,periodical.voting,available,1398,1448,high,low,10,namecheap,,,08/09/2026 17:13
16b0bc86-69ab-4137-87b9-9d147ecd9729,rabbit.voting,available,1599.99,1599.99,high,low,6,name.com,,,25/09/2026 08:52
299b9aec-1036-4e2c-9961-6874bc4a6474,unasked.voting,available,1398,1448,medium,low,7,namecheap,,,12/09/2026 01:10
128615ae-d801-4d44-9afc-5e0e93ad4c3d,captivated.voting,available,1398,1448,high,low,10,namecheap,,,09/08/2026 09:52
caf3ff3f-ab6e-4514-81f8-4df0e6879f3d,abstracter.voting,available,1398,1448,medium,low,10,namecheap,,,16/09/2026 18:30
8d7aeccb-418a-4a32-9bdc-2bf5b7e1a283,symposium.voting,available,1398,1448,high,low,9,namecheap,,,02/10/2026 16:54
eebb042d-4cf2-4b2b-82d5-448428bde5a3,xhosa.voting,available,978.6,978.6,high,low,5,dynadot,,,03/10/2026 02:22
51601b5d-b743-4267-801b-7de659dd1b20,confirming.voting,available,1398,1448,high,low,10,namecheap,,,23/09/2026 19:45
06293efd-8ebe-4fb8-bf10-4b8e387f10fb,hemp.voting,available,1599.99,1599.99,high,low,4,name.com,,,24/09/2026 12:04
4107d04c-2caa-4bbb-b402-cf774e2b5cf5,constraints.voting,available,1398,1448,low,low,11,namecheap,,,20/09/2026 23:49
00c10028-f0b0-4bf3-82a0-95ea5093e108,relates.voting,available,1398,1448,medium,low,7,namecheap,,,01/10/2026 00:18
72b6bc49-5827-4938-bf60-114393944d8a,pied.voting,available,1398,1448,high,low,4,namecheap,,,03/09/2026 10:39
04f47d51-8d75-4803-bb92-afcf216b8bf4,hills.voting,available,1398,1448,high,low,5,namecheap,,,17/09/2026 17:53
4fa3c329-683f-4bdf-93ec-42f195008fd9,barbarossa.voting,available,1398,1448,medium,low,10,namecheap,,,22/09/2026 04:31
0fcd1a54-675f-4a5b-8ac4-91e41fadbd94,borgia.voting,available,1398,1448,medium,low,6,namecheap,,,18/09/2026 05:55
e473aaa7-38bd-4aa5-8ecd-ef347b9979b1,lantern.voting,available,978.6,978.6,high,low,7,dynadot,,,28/09/2026 14:40
c634bcf1-856e-49fd-8de1-7a0af2ca4380,ending.voting,available,1398,1448,high,low,6,namecheap,,,25/09/2026 05:36
d017a372-b74e-408e-aa2d-4da04dd3453f,rendezvous.voting,available,1398,1448,high,low,10,namecheap,,,30/09/2026 23:58
811264a3-b3ce-40fd-8f12-65ddfdde1798,frederica.voting,available,1398,1448,medium,low,9,namecheap,,,02/10/2026 19:53
1a9e0902-b61c-40dc-a2b1-3463d7a7bcc2,bitis.voting,available,1398,1448,medium,low,5,namecheap,,,23/09/2026 22:37
a57890a6-061c-48f8-b83d-657e5c38f786,connections.voting,available,978.6,978.6,high,low,11,dynadot,,,27/09/2026 23:11
8c669f70-02ff-42c5-8d7b-0b98355f1a66,bolivian.voting,available,1398,1448,high,low,8,namecheap,,,10/08/2026 17:46
de43f746-3367-4ad7-b0c3-1cbe188f676f,contention.voting,available,1398,1448,medium,low,10,namecheap,,,20/09/2026 04:48
ef762d2f-86d1-4daf-a4de-a7cfb2969957,flammable.voting,available,1398,1448,medium,low,9,namecheap,,,18/08/2026 06:32
3ff0cc88-f546-4433-8a35-5facdce29f77,kidd.voting,available,1398,1448,high,low,4,namecheap,,,28/09/2026 01:23
6d84caf2-2d5e-4316-8dca-0e288acb69a7,lazio.voting,available,978.6,978.6,high,low,5,dynadot,,,30/09/2026 17:51
234d5a7f-0069-4fbc-999b-3bce73f845c2,abdul.voting,available,1398,1448,high,low,5,namecheap,,,27/09/2026 07:21
3d3c6606-b913-4917-baa1-dd563f3774b0,counterterrorism.voting,available,1448,,medium,low,17,namecheap,,,
6cec150e-a6ea-497f-a934-48ca1ce6bae7,arcsec.voting,available,,,medium,low,6,,,,20/09/2026 01:25
f03c5ef7-2056-47a2-8ad6-a6704932a47e,twp.voting,available,1398,1448,medium,low,3,namecheap,,,02/10/2026 17:44
16e7d049-5dd9-490b-814f-021918923936,newington.voting,available,1398,1448,medium,low,9,namecheap,,,30/09/2026 14:04
3cbd7a33-b947-4622-8ad7-8ff17cd92100,passport.voting,available,1398,1448,high,low,8,namecheap,,,27/09/2026 04:57
0a807ef6-eba4-491c-8811-f5ee536594ba,barite.voting,available,1398,1448,medium,low,6,namecheap,,,22/09/2026 06:13
6ef3675e-5295-4eab-9384-ebb580993772,thongs.voting,available,1398,1448,medium,low,6,namecheap,,,19/09/2026 22:16
89c46fda-6aa2-4a6e-ad5a-a9e87db8e4c4,masterful.voting,available,1398,1448,high,low,9,namecheap,,,23/09/2026 21:35
d773f4f8-4a2a-4a40-bc7a-984f6dc44329,advertisements.voting,available,1448,,medium,low,14,namecheap,,,
ecc659f3-46f3-4c1f-8940-04965ec2024c,eighteen.voting,available,1398,1448,high,low,8,namecheap,,,21/09/2026 11:58
6d87b2e3-810b-4b0d-aba0-771a30c45e1f,brooding.voting,available,1398,1448,medium,low,8,namecheap,,,11/08/2026 05:52
03ae0834-09b4-4f20-b552-7828e53d1638,provencal.voting,available,1398,1448,medium,low,9,namecheap,,,09/09/2026 04:28
585c3aac-6dc9-4499-b66c-4293cb90e8d3,ventolin.voting,available,1599.99,1599.99,medium,low,8,name.com,,,18/09/2026 03:33
10ff9848-675d-45bf-8160-07cb78360564,xxv.voting,available,1398,1448,medium,low,3,namecheap,,,21/09/2026 12:45
91a653d8-ed3f-494e-96c0-2a268396c299,nablus.voting,available,1398,1448,medium,low,6,namecheap,,,03/10/2026 01:41
606281df-8a2a-4f44-a65c-b0146445d094,twat.voting,available,1398,1448,high,medium,4,namecheap,,,09/09/2026 06:41
82a816b3-d930-4875-9d11-2e55f74a6e2a,katharsis.voting,available,1599.99,1599.99,medium,low,9,name.com,,,16/09/2026 17:05
d2fb5114-69ea-4e43-bac7-2beba0553a0e,varanasi.voting,available,978.6,978.6,medium,low,8,dynadot,,,02/10/2026 09:36
1e07141b-66f7-4100-abec-bf8f40d49c7e,katowice.voting,available,1398,1448,medium,low,8,namecheap,,,03/10/2026 01:23
8078dcac-a05f-4c57-9707-b8b39e99a4d5,sombre.voting,available,1398,1448,medium,low,6,namecheap,,,10/09/2026 14:02
fe2e1a5b-7e4a-4c2d-a1f6-d6de74fbc201,unpopular.voting,available,1398,1448,medium,low,9,namecheap,,,12/09/2026 17:11
105c9aec-b1bd-4628-89b4-829da872562c,achy.voting,available,1398,1448,medium,low,4,namecheap,,,
d4316c08-beb2-4f08-83f5-ab631f42929a,hubei.voting,available,1398,1448,medium,low,5,namecheap,,,30/09/2026 13:23
29fc79de-090d-454f-8827-4ac941ec2b71,miniature.voting,available,1398,1448,high,low,9,namecheap,,,24/08/2026 23:48
9117116a-f5bd-443b-ba00-36a028b8e890,function.voting,available,1398,1448,high,low,8,namecheap,,,29/09/2026 20:12
d68ef8a8-2e65-41db-989f-17717832e04a,adamance.voting,available,1398,1448,medium,low,8,namecheap,,,17/09/2026 06:15
4918f245-c7e1-4085-8c04-2391a1081fd5,protocol.voting,available,1398,1448,high,low,8,namecheap,,,24/09/2026 16:37
4c4f4f81-fa38-455e-9d20-2857ac6198be,prettiest.voting,available,1599.99,1599.99,medium,low,9,name.com,,,18/09/2026 03:32
606c8b90-a635-4a8b-96a4-d9cd91d4c22d,flourish.voting,available,1398,1448,high,low,8,namecheap,,,30/09/2026 16:29
ec9c248d-108c-4756-b9c4-34dcbf5b1e6f,wilkerson.voting,available,978.6,978.6,medium,low,9,dynadot,,,02/10/2026 00:40
323e71b8-3e47-4cf6-82bf-11d9ec9ff0e7,dully.voting,available,1398,1448,medium,low,5,namecheap,,,14/09/2026 14:43
4455570c-b651-451a-a736-c0525ce2baa0,topping.voting,available,1398,1448,high,low,7,namecheap,,,11/09/2026 17:36
ad75a46d-749a-4ce5-a341-b89cf1e61448,rarity.voting,available,1398,1448,high,low,6,namecheap,,,24/09/2026 20:28
babb3feb-de5c-4a95-84a3-d34bd90a8c8f,dividend.voting,available,1398,1448,high,low,8,namecheap,,,24/09/2026 23:19
e06dba62-bf47-4199-90e7-3d28b19df452,bemidji.voting,available,1398,1448,medium,low,7,namecheap,,,23/09/2026 07:16
645c6cf8-c0a0-4dcf-b43c-87f1585027be,entries.voting,available,1398,1448,medium,low,7,namecheap,,,30/09/2026 06:24
adc07256-5611-4391-8422-cea3a21e017d,sara.voting,available,1398,1448,high,low,4,namecheap,,,25/09/2026 21:30
b074f3b1-f7f5-435d-81db-2f82ba199cf9,insurgents.voting,available,1398,1448,medium,low,10,namecheap,,,01/10/2026 15:26
967badf4-c075-4c4e-93d8-87995e3833ab,thus.voting,available,1398,1448,high,low,4,namecheap,,,28/09/2026 15:12
f823b0a3-53c2-4e6e-908c-9c385c9605e5,kilometers.voting,available,978.6,978.6,medium,low,10,dynadot,,,28/09/2026 23:06
b8b28d98-1ff6-4067-89fc-1c33bb1849cf,originate.voting,available,978.6,978.6,high,low,9,dynadot,,,30/09/2026 02:32
9d299941-d552-4391-a9ef-bb3f87d08e3b,tongues.voting,available,1398,1448,medium,low,7,namecheap,,,18/09/2026 07:52
e7c53e8b-f568-4d2a-9494-820ba3aeae49,prosser.voting,available,1398,1448,high,low,7,namecheap,,,30/09/2026 12:49
0d699375-8d18-4df6-b434-06834528513d,paragon.voting,available,1398,1448,high,low,7,namecheap,,,03/09/2026 20:09
635ffa40-4ede-4d8d-adbf-5fc0309cfa2d,prevention.voting,available,1398,1448,high,low,10,namecheap,,,08/09/2026 14:09
2eeba3e4-279b-4cd5-a62f-62eacc67361a,catechu.voting,available,1398,1448,medium,low,7,namecheap,,,16/09/2026 20:04
772f1552-57f1-4219-ae79-b2314c4050ed,courting.voting,available,978.6,978.6,high,low,8,dynadot,,,30/09/2026 09:16
9c7cd361-e778-48dc-a76c-47997cb2fdf5,altruism.voting,available,978.6,978.6,high,low,8,dynadot,,,28/09/2026 20:45
a91cd496-b9f2-4a4f-8f51-a49ee802d867,costless.voting,available,1398,1448,high,low,8,namecheap,,,13/08/2026 03:12
5c52660c-c5ee-4356-a7b6-d6764c3c1f48,collide.voting,available,1398,1448,high,low,7,namecheap,,,24/09/2026 15:18
3eefec66-fd81-4c95-b430-1cfa7678b10b,radial.voting,available,1398,1448,high,low,6,namecheap,,,09/09/2026 09:30
c30d909d-4a55-4b5d-a514-80b2fa0f0fed,sanguine.voting,available,1398,1448,high,medium,8,namecheap,,,09/09/2026 19:18
ebb89b61-5a22-4981-bebf-9970547ad823,armada.voting,available,978.6,978.6,high,low,6,dynadot,,,28/09/2026 22:05
d1814af4-e79a-4910-b175-5eb845330469,auspicate.voting,available,1398,1448,medium,low,9,namecheap,,,21/09/2026 03:29
f0965e39-83bc-435c-a98c-4ea0ca2106d3,genteel.voting,available,1398,1448,medium,low,7,namecheap,,,13/08/2026 10:19
9f1e4a4b-faee-496c-a4c8-1b234d7ffd1b,scheduled.voting,available,1599.99,1599.99,high,low,9,name.com,,,27/09/2026 18:26
30f020dd-cea9-4864-b90b-af4588ccb7ec,lookouts.voting,available,1398,1448,medium,low,8,namecheap,,,18/09/2026 10:55
383d0763-54d0-456a-a975-e66802fca77f,nation.voting,available,1398,1448,high,low,6,namecheap,,,29/09/2026 03:15
92468b7a-d392-433e-9ce5-adbe6cb0645b,annapurna.voting,available,1398,1448,medium,low,9,namecheap,,,19/09/2026 02:23
525fddb7-77eb-4948-87f8-415263a841cf,toothed.voting,available,1398,1448,medium,low,7,namecheap,,,17/08/2026 12:41
d7336716-547b-4ff6-860d-2ed65eb7a57f,forgo.voting,available,1398,1448,high,low,5,namecheap,,,18/08/2026 11:51
70639a69-1cbb-448d-8b58-aa32be67a57c,deception.voting,available,1398,1448,high,low,9,namecheap,,,24/09/2026 17:22